$GNRMC,092600.00,A,3000.00675003,N,15000.00894416,E,0.006,9.9,210626,1.2,E,D,C*4E
$GNGGA,092600.00,3000.00675003,N,15000.00894416,E,2,28,0.6,2883.8811,M,-39.9013,M,2.0,144*76
$GNGSA,M,3,08,10,18,23,24,27,32,,,,,,1.2,0.6,1.0,1*3A
$GNGSA,M,3,68,69,70,85,,,,,,,,,1.2,0.6,1.0,2*31
$GNGSA,M,3,03,08,13,34,,,,,,,,,1.2,0.6,1.0,3*35
$GNGSA,M,3,02,03,06,07,09,10,11,25,27,29,30,32,1.2,0.6,1.0,4*3F
$GNGSA,M,3,41,,,,,,,,,,,,1.2,0.6,1.0,4*39
$GPGSV,2,1,08,24,31,060,38,18,25,147,40,02,16,316,28,32,52,229,40,1*6E
$GPGSV,2,2,08,10,70,344,44,27,26,251,34,08,22,288,35,23,54,071,42,1*65
$GPGSV,2,1,07,24,31,060,38,18,25,147,30,32,52,229,33,10,70,344,42,4*6F
$GPGSV,2,2,07,27,26,251,30,08,22,288,35,23,54,071,34,4*5F
$GPGSV,2,1,07,24,31,060,38,18,25,147,36,32,52,229,30,10,70,344,39,6*64
$GPGSV,2,2,07,27,26,251,30,08,22,288,37,23,54,071,39,6*52
$GPGSV,2,1,07,24,31,060,45,18,25,147,43,32,52,229,35,10,70,344,43,8*6A
$GPGSV,2,2,07,27,26,251,33,08,22,288,42,23,54,071,43,8*50
$GPGSV,1,1,02,18,25,147,39,23,54,071,41,9*6B
$GLGSV,2,1,07,68,32,041,36,78,13,070,34,69,69,331,41,83,29,168,29,1*7E
$GLGSV,2,2,07,70,33,254,34,85,39,321,40,84,73,243,41,1*47
$GLGSV,2,1,07,68,32,041,42,78,13,070,41,69,69,331,43,83,29,168,43,3*73
$GLGSV,2,2,07,70,33,254,38,85,39,321,40,84,73,243,44,3*4C
$GLGSV,2,1,05,68,32,041,41,69,69,331,43,83,29,168,42,85,39,321,40,5*79
$GLGSV,2,2,05,84,73,243,41,5*41
$GBGSV,1,1,02,B*07
$GBGSV,5,1,19,67,43,175,38,66,32,134,33,65,10,109,32,02,43,175,39,1*74
$GBGSV,5,2,19,03,32,134,37,01,,,34,27,26,179,41,07,36,124,39,1*4B
$GBGSV,5,3,19,06,40,073,39,09,63,042,41,32,74,309,44,30,53,251,38,1*7B
$GBGSV,5,4,19,41,36,057,38,11,42,293,43,20,22,256,29,29,25,311,37,1*7C
$GBGSV,5,5,19,10,28,135,39,25,16,077,33,23,10,123,32,1*49
$GBGSV,3,1,11,27,26,179,38,07,36,124,36,06,40,073,37,32,74,309,42,3*7F
$GBGSV,3,2,11,30,53,251,33,41,36,057,32,11,42,293,40,20,22,256,27,3*79
$GBGSV,3,3,11,29,25,311,34,25,16,077,32,23,10,123,28,3*47
$GBGSV,3,1,11,27,26,179,37,07,36,124,39,06,40,073,39,32,74,309,42,5*77
$GBGSV,3,2,11,30,53,251,34,41,36,057,42,11,42,293,41,20,22,256,29,5*70
$GBGSV,3,3,11,29,25,311,35,25,16,077,39,23,10,123,39,5*4B
$GBGSV,3,1,12,02,43,175,45,03,32,134,38,27,26,179,37,07,36,124,41,6*72
$GBGSV,3,2,12,06,40,073,36,32,74,309,44,30,53,251,36,41,36,057,43,6*7B
$GBGSV,3,3,12,11,42,293,42,29,25,311,37,25,16,077,42,23,10,123,40,6*73
$GBGSV,4,1,16,02,43,175,44,03,32,134,41,01,,,36,27,26,179,39,8*4A
$GBGSV,4,2,16,07,36,124,44,06,40,073,41,09,63,042,40,32,74,309,44,8*7E
$GBGSV,4,3,16,30,53,251,32,41,36,057,43,11,42,293,42,20,22,256,34,8*74
$GBGSV,4,4,16,29,25,311,38,10,28,135,31,25,16,077,43,23,10,123,38,8*7E
$GBGSV,1,1,02,09,63,042,42,10,28,135,33,B*07
$GAGSV,2,1,06,34,25,135,39,08,49,212,39,05,20,046,41,32,,,44,1*42
$GAGSV,2,2,06,03,71,067,42,13,43,312,40,1*70
$GAGSV,2,1,06,34,25,135,39,08,49,212,41,05,20,046,45,32,,,45,2*4B
$GAGSV,2,2,06,03,71,067,43,13,43,312,42,2*70
$GAGSV,2,1,06,34,25,135,31,08,49,212,40,05,20,046,46,32,,,44,5*47
$GAGSV,2,2,06,03,71,067,43,13,43,312,41,5*74
$GAGSV,2,1,06,34,25,135,36,08,49,212,38,05,20,046,31,32,,,39,7*47
$GAGSV,2,2,06,03,71,067,40,13,43,312,40,7*74
$GQGSV,1,1,03,03,11,128,29,07,19,119,29,55,38,160,37,1*50
$GQGSV,1,1,02,03,11,128,40,07,19,119,35,6*6C
$GQGSV,1,1,02,03,11,128,40,07,19,119,41,8*61
$GIGSV,2,1,07,09,48,225,39,05,,,39,02,13,206,22,10,16,119,42,1*41
$GIGSV,2,2,07,01,,,32,07,,,39,03,,,43,1*73
$GIGSV,1,1,03,41,40,171,38,45,37,156,35,40,36,211,36,5*40
#PPPNAVA,95,GPS,FINE,2424,33978000,0,0,18,24;SOL_COMPUTED,PPP_CONVERGING,30.00011892447,150.00012837038,2883.9986,-39.9014,WGS84,1.6046,1.2870,2.2505,"9901",8.000,0.000,46,35,35,33,1,00,03,ff*0edc0ed4
$GNRMC,092601.00,A,2959.99967444,N,15000.01956112,E,0.008,7.5,210626,1.2,E,D,C*43
$GNGGA,092601.00,2959.99967444,N,15000.01956112,E,2,28,0.6,2883.8806,M,-39.9013,M,2.0,144*71
$GNGSA,M,3,08,10,18,23,27,32,,,,,,,1.1,0.6,1.0,1*3F
$GNGSA,M,3,68,69,70,84,85,,,,,,,,1.1,0.6,1.0,2*3E
$GNGSA,M,3,03,08,13,34,,,,,,,,,1.1,0.6,1.0,3*36
$GNGSA,M,3,02,03,06,07,09,10,11,25,27,29,30,32,1.1,0.6,1.0,4*3C
$GNGSA,M,3,41,,,,,,,,,,,,1.1,0.6,1.0,4*3A
$GPGSV,2,1,08,24,31,060,38,18,25,147,40,02,16,316,29,32,52,229,40,1*6F
$GPGSV,2,2,08,10,70,344,45,27,26,251,34,08,22,288,36,23,54,071,43,1*66
$GPGSV,2,1,07,24,31,060,37,18,25,147,28,32,52,229,35,10,70,344,42,4*6F
$GPGSV,2,2,07,27,26,251,30,08,22,288,36,23,54,071,34,4*5C
$GPGSV,2,1,07,24,31,060,38,18,25,147,35,32,52,229,31,10,70,344,40,6*68
$GPGSV,2,2,07,27,26,251,29,08,22,288,37,23,54,071,39,6*5A
$GPGSV,2,1,07,24,31,060,45,18,25,147,43,32,52,229,36,10,70,344,43,8*69
$GPGSV,2,2,07,27,26,251,33,08,22,288,42,23,54,071,43,8*50
$GPGSV,1,1,02,18,25,147,39,23,54,071,42,9*68
$GLGSV,2,1,07,68,32,041,35,78,13,070,35,69,69,331,40,83,29,168,31,1*74
$GLGSV,2,2,07,70,33,254,34,85,39,321,41,84,73,243,41,1*46
$GLGSV,2,1,07,68,32,041,42,78,13,070,40,69,69,331,42,83,29,168,42,3*72
$GLGSV,2,2,07,70,33,254,38,85,39,321,40,84,73,243,44,3*4C
$GLGSV,2,1,05,68,32,041,41,69,69,331,43,83,29,168,42,85,39,321,40,5*79
$GLGSV,2,2,05,84,73,243,41,5*41
$GBGSV,1,1,02,B*07
$GBGSV,5,1,19,67,43,175,38,66,32,134,33,65,10,109,32,02,43,175,39,1*74
$GBGSV,5,2,19,03,32,134,38,01,,,34,27,26,179,41,07,36,124,38,1*45
$GBGSV,5,3,19,06,40,073,39,09,63,042,40,32,74,309,44,30,53,251,38,1*7A
$GBGSV,5,4,19,41,36,057,38,11,42,293,42,20,22,256,29,29,25,311,38,1*72
$GBGSV,5,5,19,10,28,135,39,25,16,077,33,23,10,123,30,1*4B
$GBGSV,3,1,11,27,26,179,38,07,36,124,36,06,40,073,36,32,74,309,42,3*7E
$GBGSV,3,2,11,30,53,251,33,41,36,057,33,11,42,293,39,20,22,256,28,3*79
$GBGSV,3,3,11,29,25,311,35,25,16,077,32,23,10,123,27,3*49
$GBGSV,3,1,11,27,26,179,36,07,36,124,39,06,40,073,39,32,74,309,42,5*76
$GBGSV,3,2,11,30,53,251,34,41,36,057,42,11,42,293,41,20,22,256,30,5*78
$GBGSV,3,3,11,29,25,311,35,25,16,077,39,23,10,123,39,5*4B
$GBGSV,3,1,12,02,43,175,45,03,32,134,38,27,26,179,37,07,36,124,41,6*72
$GBGSV,3,2,12,06,40,073,37,32,74,309,44,30,53,251,36,41,36,057,43,6*7A
$GBGSV,3,3,12,11,42,293,42,29,25,311,37,25,16,077,42,23,10,123,40,6*73
$GBGSV,4,1,16,02,43,175,44,03,32,134,40,01,,,36,27,26,179,40,8*45
$GBGSV,4,2,16,07,36,124,44,06,40,073,42,09,63,042,40,32,74,309,44,8*7D
$GBGSV,4,3,16,30,53,251,33,41,36,057,42,11,42,293,43,20,22,256,34,8*75
$GBGSV,4,4,16,29,25,311,38,10,28,135,30,25,16,077,43,23,10,123,38,8*7F
$GBGSV,1,1,02,09,63,042,42,10,28,135,33,B*07
$GAGSV,2,1,06,34,25,135,39,08,49,212,39,05,20,046,41,32,,,44,1*42
$GAGSV,2,2,06,03,71,067,42,13,43,312,40,1*70
$GAGSV,2,1,06,34,25,135,39,08,49,212,41,05,20,046,46,32,,,45,2*48
$GAGSV,2,2,06,03,71,067,44,13,43,312,42,2*77
$GAGSV,2,1,06,34,25,135,29,08,49,212,40,05,20,046,46,32,,,44,5*4E
$GAGSV,2,2,06,03,71,067,43,13,43,312,41,5*74
$GAGSV,2,1,06,34,25,135,35,08,49,212,38,05,20,046,30,32,,,38,7*44
$GAGSV,2,2,06,03,71,067,40,13,43,312,39,7*7A
$GQGSV,1,1,03,03,11,128,29,07,19,119,30,55,38,160,37,1*58
$GQGSV,1,1,02,03,11,128,40,07,19,119,34,6*6D
$GQGSV,1,1,02,03,11,128,40,07,19,119,40,8*60
$GIGSV,2,1,07,09,48,225,39,05,,,39,02,13,206,23,10,16,119,41,1*43
$GIGSV,2,2,07,01,,,32,07,,,38,03,,,43,1*72
$GIGSV,1,1,03,41,40,171,38,45,37,156,35,40,36,211,36,5*40
#PPPNAVA,95,GPS,FINE,2424,33979000,0,0,18,24;SOL_COMPUTED,PPP_CONVERGING,30.00000088980,150.00030531598,2883.9971,-39.9014,WGS84,1.6001,1.2840,2.2451,"9901",9.000,0.000,46,35,35,33,1,00,03,ff*2d681d60
$GNRMC,092602.00,A,2959.99132729,N,15000.03074437,E,0.008,1.6,210626,1.2,E,D,C*4C
$GNGGA,092602.00,2959.99132729,N,15000.03074437,E,2,28,0.6,2883.8838,M,-39.9013,M,3.0,144*77
$GNGSA,M,3,08,10,18,23,24,27,32,,,,,,1.2,0.6,1.0,1*3A
$GNGSA,M,3,68,69,70,85,,,,,,,,,1.2,0.6,1.0,2*31
$GNGSA,M,3,03,08,13,34,,,,,,,,,1.2,0.6,1.0,3*35
$GNGSA,M,3,02,03,06,07,09,10,11,25,27,29,30,32,1.2,0.6,1.0,4*3F
$GNGSA,M,3,41,,,,,,,,,,,,1.2,0.6,1.0,4*39
$GPGSV,2,1,08,24,31,060,37,18,25,147,40,02,16,316,27,32,52,229,39,1*60
$GPGSV,2,2,08,10,70,344,43,27,26,251,32,08,22,288,34,23,54,071,41,1*66
$GPGSV,2,1,05,24,31,060,36,32,52,229,33,10,70,344,41,08,22,288,34,4*62
$GPGSV,2,2,05,23,54,071,33,4*52
$GPGSV,2,1,07,24,31,060,36,18,25,147,33,32,52,229,30,10,70,344,39,6*6F
$GPGSV,2,2,07,27,26,251,26,08,22,288,35,23,54,071,37,6*59
$GPGSV,2,1,07,24,31,060,44,18,25,147,40,32,52,229,35,10,70,344,42,8*69
$GPGSV,2,2,07,27,26,251,30,08,22,288,40,23,54,071,41,8*53
$GPGSV,1,1,02,18,25,147,40,23,54,071,41,9*65
$GLGSV,2,1,07,68,32,041,33,78,13,070,34,69,69,331,40,83,29,168,32,1*70
$GLGSV,2,2,07,70,33,254,32,85,39,321,40,84,73,243,41,1*41
$GLGSV,2,1,07,68,32,041,39,78,13,070,38,69,69,331,40,83,29,168,40,3*71
$GLGSV,2,2,07,70,33,254,31,85,39,321,38,84,73,243,42,3*4C
$GLGSV,2,1,05,68,32,041,39,69,69,331,40,83,29,168,39,85,39,321,38,5*76
$GLGSV,2,2,05,84,73,243,39,5*4E
$GBGSV,1,1,02,B*07
$GBGSV,5,1,19,67,43,175,38,66,32,134,33,65,10,109,32,02,43,175,39,1*74
$GBGSV,5,2,19,03,32,134,36,01,,,33,27,26,179,39,07,36,124,38,1*43
$GBGSV,5,3,19,06,40,073,38,09,63,042,39,32,74,309,43,30,53,251,35,1*7F
$GBGSV,5,4,19,41,36,057,38,11,42,293,41,20,22,256,27,29,25,311,38,1*7F
$GBGSV,5,5,19,10,28,135,36,25,16,077,32,23,10,123,30,1*45
$GBGSV,3,1,11,27,26,179,36,07,36,124,35,06,40,073,36,32,74,309,41,3*70
$GBGSV,3,2,11,30,53,251,30,41,36,057,32,11,42,293,38,20,22,256,26,3*74
$GBGSV,3,3,11,29,25,311,35,25,16,077,31,23,10,123,27,3*4A
$GBGSV,3,1,11,27,26,179,35,07,36,124,37,06,40,073,37,32,74,309,40,5*77
$GBGSV,3,2,11,30,53,251,33,41,36,057,40,11,42,293,40,20,22,256,29,5*74
$GBGSV,3,3,11,29,25,311,33,25,16,077,37,23,10,123,37,5*4D
$GBGSV,3,1,12,02,43,175,43,03,34,33,1,00,03,f7*30a57bf2
$GNRMC,092603.00,A,2959.98739447,N,15000.02491820,E,0.008,2.1,210626,1.2,E,D,C*4A
$GNGGA,092603.00,2959.98739447,N,15000.02491820,E,2,28,0.6,2883.8865,M,-39.9013,M,2.0,144*7C
$GNGSA,M,3,08,10,18,23,24,27,32,,,,,,1.2,0.6,1.0,1*3A
$GNGSA,M,3,68,69,84,85,,,,,,,,,1.2,0.6,1.0,2*3A
$GNGSA,M,3,03,08,13,34,,,,,,,,,1.2,0.6,1.0,3*35
$GNGSA,M,3,02,03,06,07,09,10,11,25,27,29,30,32,1.2,0.6,1.0,4*3F
$GNGSA,M,3,41,,,,,,,,,,,,1.2,0.6,1.0,4*39
$GPGSV,2,1,08,24,31,060,37,18,25,147,41,02,16,316,27,32,52,229,38,1*60
$GPGSV,2,2,08,10,70,344,44,27,26,251,30,08,22,288,33,23,54,071,42,1*67
$GPGSV,2,1,05,24,31,060,36,32,52,229,32,10,70,344,42,08,22,288,33,4*67
$GPGSV,2,2,05,23,54,071,34,4*55
$GPGSV,2,1,07,24,31,060,36,18,25,147,34,32,52,229,29,10,70,344,39,6*60
$GPGSV,2,2,07,27,26,251,25,08,22,288,37,23,54,071,39,6*56
$GPGSV,2,1,07,24,31,060,44,18,25,147,41,32,52,229,35,10,70,344,42,8*68
$GPGSV,2,2,07,27,26,251,30,08,22,288,41,23,54,071,42,8*51
$GPGSV,1,1,02,18,25,147,40,23,54,071,41,9*65
$GLGSV,2,1,07,68,32,041,33,78,13,070,33,69,69,331,40,83,29,168,32,1*77
$GLGSV,2,2,07,70,33,254,30,85,39,321,40,84,73,243,40,1*42
$GLGSV,2,1,07,68,32,041,40,78,13,070,40,69,69,331,42,83,29,168,40,3*72
$GLGSV,2,2,07,70,33,254,33,85,39,321,39,84,73,243,41,3*4C
$GLGSV,2,1,05,68,32,041,40,69,69,331,41,83,29,168,40,85,39,321,39,5*76
$GLGSV,2,2,05,84,73,243,38,5*4F
$GBGSV,1,1,01,B*04
$GBGSV,5,1,19,67,43,175,38,66,32,134,33,65,10,109,32,02,43,175,39,1*74
$GBGSV,5,2,19,03,32,134,37,01,,,33,27,26,179,39,07,36,124,38,1*42
$GBGSV,5,3,19,06,40,073,37,09,63,042,39,32,74,309,43,30,53,251,35,1*70
$GBGSV,5,4,19,41,36,057,39,11,42,293,41,20,22,256,26,29,25,311,38,1*7F
$GBGSV,5,5,19,10,28,135,37,25,16,077,31,23,10,123,30,1*47
$GBGSV,3,1,10,27,26,179,36,07,36,124,36,06,40,073,35,32,74,309,42,3*72
$GBGSV,3,2,10,30,53,251,31,41,36,057,34,11,42,293,38,20,22,256,22,3*76
$GBGSV,3,3,10,29,25,311,35,25,16,077,32,3*7D
$GBGSV,3,1,11,27,26,179,38,07,36,124,38,06,40,073,39,32,74,309,42,5*79
$GBGSV,3,2,11,30,53,251,37,41,36,057,42,11,42,293,42,20,22,256,29,5*70
$GBGSV,3,3,11,29,25,311,34,25,16,077,39,23,10,123,39,5*4A
$GBGSV,3,1,12,02,43,175,45,03,32,134,37,27,26,179,39,07,36,124,41,6*73
$GBGSV,3,2,12,06,40,073,36,32,74,309,44,30,53,251,38,41,36,057,42,6*74
$GBGSV,3,3,12,11,42,293,43,29,25,311,36,25,16,077,41,23,10,123,40,6*70
$GBGSV,4,1,16,02,43,175,43,03,32,134,39,01,,,36,27,26,179,41,8*4D
$GBGSV,4,2,16,07,36,124,43,06,40,073,40,09,63,042,40,32,74,309,44,8*78
$GBGSV,4,3,16,30,53,251,37,41,36,057,42,11,42,293,43,20,22,256,32,8*77
$GBGSV,4,4,16,29,25,311,37,10,28,135,28,25,16,077,42,23,10,123,37,8*77
$GBGSV,1,1,02,09,63,042,41,10,28,135,31,B*06
$GAGSV,2,1,06,34,25,135,39,08,49,212,41,05,20,046,40,32,,,43,1*4B
$GAGSV,2,2,06,03,71,067,41,13,43,312,40,1*73
$GAGSV,2,1,06,34,25,135,38,08,49,212,43,05,20,046,45,32,,,45,2*48
$GAGSV,2,2,06,03,71,067,42,13,43,312,42,2*71
$GAGSV,2,1,06,34,25,135,27,08,49,212,42,05,20,046,45,32,,,45,5*40
$GAGSV,2,2,06,03,71,067,42,13,43,312,40,5*74
$GAGSV,2,1,06,34,25,135,35,08,49,212,40,05,20,046,31,32,,,40,7*45
$GAGSV,2,2,06,03,71,067,40,13,43,312,39,7*7A
$GQGSVGS84,1.5918,1.2785,2.2352,"9901",1.000,0.000,45,33,33,32,1,00,03,f7*bde49442
$GNRMC,092604.00,A,2959.99076764,N,15000.01018435,E,0.008,349.4,210626,1.2,E,D,C*45
$GNGGA,092604.00,2959.99076764,N,15000.01018435,E,2,28,0.6,2883.8894,M,-39.9013,M,3.0,144*75
$GNGSA,M,3,08,10,18,23,24,27,32,,,,,,1.2,0.6,1.0,1*3A
$GNGSA,M,3,68,69,84,85,,,,,,,,,1.2,0.6,1.0,2*3A
$GNGSA,M,3,03,08,13,34,,,,,,,,,1.2,0.6,1.0,3*35
$GNGSA,M,3,02,03,06,07,09,10,11,25,27,29,30,32,1.2,0.6,1.0,4*3F
$GNGSA,M,3,41,,,,,,,,,,,,1.2,0.6,1.0,4*39
$GPGSV,2,1,08,24,31,060,37,18,25,147,41,02,16,316,29,32,52,229,38,1*6E
$GPGSV,2,2,08,10,70,344,43,27,26,251,31,08,22,288,33,23,54,071,41,1*62
$GPGSV,2,1,06,24,31,060,37,18,25,147,29,32,52,229,32,10,70,344,42,4*68
$GPGSV,2,2,06,08,22,288,34,23,54,071,33,4*6C
$GPGSV,2,1,07,24,31,060,37,18,25,147,35,32,52,229,30,10,70,344,39,6*68
$GPGSV,2,2,07,27,26,251,27,08,22,288,37,23,54,071,39,6*54
$GPGSV,2,1,07,24,31,060,45,18,25,147,42,32,52,229,35,10,70,344,43,8*6B
$GPGSV,2,2,07,27,26,251,31,08,22,288,41,23,54,071,43,8*51
$GPGSV,1,1,02,18,25,147,40,23,54,071,41,9*65
$GLGSV,2,1,07,68,32,041,33,78,13,070,33,69,69,331,40,83,29,168,33,1*76
$GLGSV,2,2,07,70,33,254,30,85,39,321,40,84,73,242,39,1*4D
$GLGSV,2,1,07,68,32,041,41,78,13,070,41,69,69,331,42,83,29,168,41,3*73
$GLGSV,2,2,07,70,33,254,34,85,39,321,40,84,73,242,41,3*44
$GLGSV,2,1,05,68,32,041,40,69,69,331,42,83,29,168,41,85,39,321,40,5*7A
$GLGSV,2,2,05,84,73,242,38,5*4E
$GBGSV,1,1,01,B*04
$GBGSV,5,1,19,67,43,175,38,66,32,134,33,65,10,109,32,02,43,175,39,1*74
$GBGSV,5,2,19,03,32,134,37,01,,,33,27,26,179,38,07,36,124,39,1*42
$GBGSV,5,3,19,06,40,073,37,09,63,042,39,32,74,309,44,30,53,251,35,1*77
$GBGSV,5,4,19,41,36,057,38,11,42,293,41,20,22,256,26,29,25,311,38,1*7E
$GBGSV,5,5,19,10,28,135,38,25,16,077,32,23,10,123,30,1*4B
$GBGSV,3,1,10,27,26,179,35,07,36,124,36,06,40,073,35,32,74,309,42,3*71
$GBGSV,3,2,10,30,53,251,31,41,36,057,34,11,42,293,38,20,22,256,24,3*70
$GBGSV,3,3,10,29,25,311,36,25,16,077,32,3*7E
$GBGSV,3,1,11,27,26,179,39,07,36,124,39,06,40,073,40,32,74,309,43,5*76
$GBGSV,3,2,11,30,53,251,37,41,36,057,42,11,42,293,42,20,22,256,29,5*70
$GBGSV,3,3,11,29,25,311,35,25,16,077,40,23,10,123,39,5*45
$GBGSV,3,1,12,02,43,175,45,03,32,134,38,27,26,179,41,07,36,124,42,6*70
$GBGSV,3,2,12,06,40,073,37,32,74,309,45,30,53,251,40,41,36,057,43,6*7A
$GBGSV,3,3,12,11,42,293,44,29,25,311,38,25,16,077,42,23,10,123,40,6*7A
$GBGSV,4,1,16,02,43,175,44,03,32,134,40,01,,,37,27,26,179,42,8*46
$GBGSV,4,2,16,07,36,124,44,06,40,073,41,09,63,042,40,32,74,309,45,8*7F
$GBGSV,4,3,16,30,53,251,38,41,36,057,42,11,42,293,44,20,22,256,33,8*7E
$GBGSV,4,4,16,29,25,311,38,10,28,135,29,25,16,077,43,23,10,123,38,8*77
$GBGSV,1,1,02,09,63,042,41,10,28,135,33,B*04
$GAGSV,2,1,06,34,25,135,40,08,49,212,41,05,20,046,40,32,,,44,1*42
$GAGSV,2,2,06,03,71,067,41,13,43,312,41,1*72
$GAGSV,2,1,06,34,25,135,38,08,49,212,43,05,20,046,46,32,,,45,2*4B
$GAGSV,2,2,06,03,71,067,43,13,43,312,43,2*71
$GAGSV,2,1,06,34,25,135,26,08,49,212,42,05,20,046,46,32,,,45,5*42
$GAGSV,2,2,06,03,71,067,43,13,43,312,41,5*74
$GAGSV,2,1,06,34,25,135,35,08,49,212,40,05,20,046,31,32,,,40,7*45
$GAGSV,2,2,06,03,71,067,41,13,43,312,8983,-39.9014,WGS84,1.5878,1.2760,2.2304,"9901",2.000,0.000,45,34,34,33,1,00,03,ff*3ef1926b
$GNRMC,092605.00,A,2959.99587597,N,15000.02393189,E,0.005,342.9,210626,1.2,E,D,C*4B
$GNGGA,092605.00,2959.99587597,N,15000.02393189,E,2,28,0.6,2883.8923,M,-39.9013,M,2.0,144*7C
$GNGSA,M,3,08,10,18,23,24,27,32,,,,,,1.2,0.6,1.0,1*3A
$GNGSA,M,3,68,69,84,85,,,,,,,,,1.2,0.6,1.0,2*3A
$GNGSA,M,3,03,08,13,34,,,,,,,,,1.2,0.6,1.0,3*35
$GNGSA,M,3,02,03,06,07,09,10,11,25,27,29,30,32,1.2,0.6,1.0,4*3F
$GNGSA,M,3,41,,,,,,,,,,,,1.2,0.6,1.0,4*39
$GPGSV,2,1,08,24,31,060,37,18,25,147,41,02,16,316,30,32,52,229,38,1*66
$GPGSV,2,2,08,10,70,344,44,27,26,251,30,08,22,288,32,23,53,071,42,1*61
$GPGSV,2,1,06,24,31,060,37,18,25,147,30,32,52,229,33,10,70,344,42,4*61
$GPGSV,2,2,06,08,22,288,33,23,53,071,33,4*6C
$GPGSV,2,1,07,24,31,060,36,18,25,147,34,32,52,229,30,10,70,344,39,6*68
$GPGSV,2,2,07,27,26,251,28,08,22,288,37,23,53,071,38,6*5D
$GPGSV,2,1,07,24,31,060,45,18,25,147,42,32,52,229,35,10,70,344,43,8*6B
$GPGSV,2,2,07,27,26,251,32,08,22,288,41,23,53,071,43,8*55
$GPGSV,1,1,02,18,25,147,40,23,53,071,41,9*62
$GLGSV,2,1,07,68,32,041,33,78,13,070,33,69,69,331,40,83,29,168,34,1*71
$GLGSV,2,2,07,70,33,254,30,85,39,321,40,84,73,242,39,1*4D
$GLGSV,2,1,07,68,32,041,40,78,13,070,41,69,69,331,42,83,29,168,40,3*73
$GLGSV,2,2,07,70,33,254,35,85,39,321,40,84,73,242,41,3*45
$GLGSV,2,1,05,68,32,041,41,69,69,331,42,83,29,168,41,85,39,321,40,5*7B
$GLGSV,2,2,05,84,73,242,38,5*4E
$GBGSV,1,1,01,B*04
$GBGSV,5,1,19,67,43,175,38,66,32,134,33,65,10,109,32,02,43,175,39,1*74
$GBGSV,5,2,19,03,32,134,38,01,,,33,27,26,179,38,07,36,124,38,1*4C
$GBGSV,5,3,19,06,40,073,36,09,63,042,39,32,74,309,44,30,53,251,36,1*75
$GBGSV,5,4,19,41,36,057,37,11,42,293,41,20,22,256,26,29,25,311,39,1*70
$GBGSV,5,5,19,10,28,135,38,25,16,077,31,23,10,123,30,1*48
$GBGSV,3,1,10,27,26,179,35,07,36,124,36,06,40,073,35,32,74,309,42,3*71
$GBGSV,3,2,10,30,53,251,32,41,36,057,34,11,42,293,38,20,22,256,24,3*73
$GBGSV,3,3,10,29,25,311,36,25,16,077,31,3*7D
$GBGSV,3,1,11,27,26,179,40,07,36,124,39,06,40,073,40,32,74,309,43,5*78
$GBGSV,3,2,11,30,53,251,38,41,36,057,43,11,42,293,43,20,22,256,29,5*7F
$GBGSV,3,3,11,29,25,311,36,25,16,077,40,23,10,123,39,5*46
$GBGSV,3,1,12,02,43,175,45,03,32,134,38,27,26,179,41,07,36,124,42,6*70
$GBGSV,3,2,12,06,40,073,38,32,74,309,45,30,53,251,40,41,36,057,43,6*75
$GBGSV,3,3,12,11,42,293,44,29,25,311,38,25,16,077,42,23,10,123,40,6*7A
$GBGSV,4,1,16,02,43,175,44,03,32,134,40,01,,,37,27,2,35,33,1,00,03,ff*da5aea3b
$GNRMC,092606.00,A,3000.00430228,N,15000.03361074,E,0.003,337.8,210626,1.1,E,D,C*4B
$GNGGA,092606.00,3000.00430228,N,15000.03361074,E,2,28,0.6,2883.8948,M,-39.9013,M,2.0,144*77
$GNGSA,M,3,08,10,18,23,24,27,32,,,,,,1.2,0.6,1.0,1*3A
$GNGSA,M,3,68,69,84,85,,,,,,,,,1.2,0.6,1.0,2*3A
$GNGSA,M,3,03,08,13,34,,,,,,,,,1.2,0.6,1.0,3*35
$GNGSA,M,3,02,03,06,07,09,10,11,25,27,29,30,32,1.2,0.6,1.0,4*3F
$GNGSA,M,3,41,,,,,,,,,,,,1.2,0.6,1.0,4*39
$GPGSV,2,1,08,24,31,060,37,18,25,147,41,02,16,316,30,32,52,229,38,1*66
$GPGSV,2,2,08,10,70,344,44,27,26,251,30,08,22,288,32,23,53,071,42,1*61
$GPGSV,2,1,06,24,31,060,37,18,25,147,30,32,52,229,32,10,70,344,42,4*60
$GPGSV,2,2,06,08,22,288,34,23,53,071,34,4*6C
$GPGSV,2,1,07,24,31,060,35,18,25,147,34,32,52,229,29,10,70,344,40,6*6D
$GPGSV,2,2,07,27,26,251,28,08,22,288,38,23,53,071,38,6*52
$GPGSV,2,1,07,24,31,060,45,18,25,147,42,32,52,229,35,10,70,344,43,8*6B
$GPGSV,2,2,07,27,26,251,31,08,22,288,42,23,53,071,43,8*55
$GPGSV,1,1,02,18,25,147,40,23,53,071,41,9*62
$GLGSV,2,1,07,68,32,041,34,78,13,070,34,69,69,331,41,83,29,168,34,1*70
$GLGSV,2,2,07,70,33,254,31,85,39,321,41,84,73,242,39,1*4D
$GLGSV,2,1,07,68,32,041,40,78,13,070,42,69,69,331,42,83,29,168,41,3*71
$GLGSV,2,2,07,70,33,254,35,85,39,321,40,84,73,242,41,3*45
$GLGSV,2,1,05,68,32,041,40,69,69,331,42,83,29,168,41,85,39,321,39,5*74
$GLGSV,2,2,05,84,73,242,38,5*4E
$GBGSV,1,1,01,B*04
$GBGSV,5,1,19,67,43,175,38,66,32,134,34,65,10,109,32,02,43,175,39,1*73
$GBGSV,5,2,19,03,32,134,38,01,,,33,27,26,179,37,07,36,124,38,1*43
$GBGSV,5,3,19,06,40,073,36,09,63,042,39,32,74,309,44,30,53,251,37,1*74
$GBGSV,5,4,19,41,36,057,37,11,42,293,41,20,22,256,28,29,25,311,39,1*7E
$GBGSV,5,5,19,10,28,135,38,25,16,076,30,23,10,123,30,1*48
$GBGSV,3,1,10,27,26,179,34,07,36,124,35,06,40,073,35,32,74,309,43,3*72
$GBGSV,3,2,10,30,53,251,33,41,36,057,35,11,42,293,38,20,22,256,26,3*71
$GBGSV,3,3,10,29,25,311,36,25,16,076,31,3*7C
$GBGSV,3,1,11,27,26,179,40,07,36,124,39,06,40,073,40,32,74,309,43,5*78
$GBGSV,3,2,11,30,53,251,38,41,36,057,42,11,42,293,43,20,22,256,28,5*7F
$GBGSV,3,3,11,29,25,311,36,25,16,076,39,23,10,123,39,5*49
$GBGSV,3,1,12,02,43,175,46,03,32,134,38,27,26,179,41,07,36,124,42,6*73
$GBGSV,3,2,12,06,40,073,38,32,74,309,45,30,53,251,40,41,36,057,43,6*75
$GBGSV,3,3,12,11,42,293,44,29,25,311,38,25,16,076,42,23,10,123,40,6*7B
$GBGSV,4,1,16,02,43,175,44,03,32,134,40,01,,,37,27,26,179,43,8*47
$GBGSV,4,2,16,07,36,124,44,06,40,073,41,09,63,042,40,32,74,309,45,8*7F
$GBGSV,4,3,16,30,53,251,39,41,36,057,42,11,42,293,44,20,22,256,32,8*7E
$GBGSV,4,4,16,29,25,311,38,10,28,135,29,25,16,076,43,23,10,123,38,8*76
$GBGSV,1,9,"9901",4.000,0.000,46,36,36,34,1,00,03,ff*aa7a0fe3
$GNRMC,092607.00,A,3000.01402368,N,15000.03823891,E,0.006,316.0,210626,1.1,E,D,C*4F
$GNGGA,092607.00,3000.01402368,N,15000.03823891,E,2,28,0.5,2883.8962,M,-39.9013,M,2.0,144*76
$GNGSA,M,3,08,10,18,23,24,27,32,,,,,,1.2,0.5,1.0,1*39
$GNGSA,M,3,68,69,84,85,,,,,,,,,1.2,0.5,1.0,2*39
$GNGSA,M,3,03,05,08,13,34,,,,,,,,1.2,0.5,1.0,3*33
$GNGSA,M,3,02,03,06,07,09,10,11,27,29,30,32,41,1.2,0.5,1.0,4*3E
$GPGSV,2,1,08,24,31,060,37,18,25,147,41,02,16,316,29,32,52,229,38,1*6E
$GPGSV,2,2,08,10,70,344,44,27,26,251,29,08,22,288,32,23,53,071,42,1*69
$GPGSV,2,1,06,24,31,060,37,18,25,147,30,32,52,229,32,10,70,344,42,4*60
$GPGSV,2,2,06,08,22,288,34,23,53,071,34,4*6C
$GPGSV,2,1,07,24,31,060,35,18,25,147,35,32,52,229,29,10,70,344,40,6*6C
$GPGSV,2,2,07,27,26,251,28,08,22,288,38,23,53,071,38,6*52
$GPGSV,2,1,07,24,31,060,44,18,25,147,42,32,52,229,35,10,70,344,43,8*6A
$GPGSV,2,2,07,27,26,251,31,08,22,288,42,23,53,071,43,8*55
$GPGSV,1,1,02,18,25,147,41,23,53,071,41,9*63
$GLGSV,2,1,07,68,32,041,34,78,13,070,34,69,69,331,41,83,29,168,34,1*70
$GLGSV,2,2,07,70,33,254,30,85,39,321,40,84,73,242,40,1*43
$GLGSV,2,1,07,68,32,041,40,78,13,070,41,69,69,331,42,83,29,168,41,3*72
$GLGSV,2,2,07,70,33,254,35,85,39,321,40,84,73,242,41,3*45
$GLGSV,2,1,05,68,32,041,40,69,69,331,42,83,29,168,41,85,39,321,39,5*74
$GLGSV,2,2,05,84,73,242,38,5*4E
$GBGSV,1,1,01,B*04
$GBGSV,5,1,19,67,43,175,38,66,32,134,34,65,10,109,32,02,43,175,39,1*73
$GBGSV,5,2,19,03,32,134,38,01,,,34,27,26,179,37,07,36,124,38,1*44
$GBGSV,5,3,19,06,40,073,37,09,63,042,40,32,74,309,44,30,53,251,37,1*7B
$GBGSV,5,4,19,41,36,057,37,11,42,293,41,20,22,256,27,29,25,311,39,1*71
$GBGSV,5,5,19,10,28,135,37,25,16,076,29,23,10,123,29,1*47
$GBGSV,3,1,10,27,26,179,34,07,36,124,35,06,40,073,35,32,74,309,43,3*72
$GBGSV,3,2,10,30,53,251,33,41,36,057,35,11,42,293,38,20,22,256,25,3*72
$GBGSV,3,3,10,29,25,311,36,25,16,076,31,3*7C
$GBGSV,3,1,11,27,26,179,40,07,36,124,40,06,40,073,40,32,74,309,43,5*76
$GBGSV,3,2,11,30,53,251,38,41,36,057,43,11,42,293,43,20,22,256,26,5*70
$GBGSV,3,3,11,29,25,311,36,25,16,076,40,23,10,123,40,5*49
$GBGSV,3,1,12,02,43,175,45,03,32,134,39,27,26,179,41,07,36,124,42,6*71
$GBGSV,3,2,12,06,40,073,38,32,74,309,45,30,53,251,40,41,36,057,43,6*75
$GBGSV,3,3,12,11,42,293,44,29,25,311,39,25,16,076,43,23,10,123,40,6*7B
$GBGSV,4,1,16,02,43,175,44,03,32,134,40,01,,,38,27,26,179,43,8*48
$GBGSV,4,2,16,07,36,124,44,06,40,073,41,09,63,042,41,32,74,309,45,8*7E
$GBGSV,4,3,16,30,53,251,39,41,36,057,42,11,42,293,44,20,22,256,31,8*7D
$GBGSV,4,4,16,29,25,311,39,10,28,135,29,25,16,076,43,23,10,123,38,8*77
$GBGSV,1,1,02,09,63,042,42,10,28,135,32,B*06
$GAGSV,2,1,06,34,25,135,40,08,49,212,42,05,19,046,40,32,,,44,1*4B
$GAGSV,2,2,06,03,71,067,42,13,43,312,41,1*71
$GAGSV,2,1,06,34,25,135,38,08,49,212,43,05,19,046,46,32,,,46,2*42
$GAGSV,2,2,06,03,71,067,43,13,43,312,43,2*71
$GAGSV,2,1,06,34,25,135,28,08,49,212,42,05,19,046,45,32,,,45,5*45
$GAGSV,2,2,06,03,71,067,42,13,43,312,41,5*75
$GAGSV,2,1,06,34,25,135,36,08,49,212,41,05,19,046,32,32,,,40,7*4E
$GAGSV,2,2,06,03,71,067,41,13,43,312,39,7*7B
$GQGSV,1,1,03,03,11,128,28,07,19,119,29,55,38,160,37,1*51
$GQGSV,1,1,01,03,11,128,39,6*51
$GQGSV,1,1,01,03,11,128,40,8*51
$GIGSV,2,1,07,09,48,225,36,GS84,1.5760,1.2685,2.2161,"9901",5.000,0.000,46,35,35,33,1,00,03,ff*4e8ac54b
$GNRMC,092608.00,A,3000.01329913,N,15000.03220714,E,0.006,295.4,210626,1.1,E,D,C*4D
$GNGGA,092608.00,3000.01329913,N,15000.03220714,E,2,28,0.5,2883.8970,M,-39.9013,M,3.0,144*78
$GNGSA,M,3,08,10,18,23,24,27,32,,,,,,1.2,0.5,1.0,1*39
$GNGSA,M,3,68,69,84,85,,,,,,,,,1.2,0.5,1.0,2*39
$GNGSA,M,3,03,05,08,13,34,,,,,,,,1.2,0.5,1.0,3*33
$GNGSA,M,3,02,03,06,07,09,10,11,27,29,30,32,41,1.2,0.5,1.0,4*3E
$GPGSV,2,1,08,24,31,060,36,18,25,147,41,02,16,316,28,32,52,229,37,1*61
$GPGSV,2,2,08,10,70,344,44,27,26,251,29,08,22,288,32,23,53,071,42,1*69
$GPGSV,2,1,06,24,31,060,36,18,25,147,29,32,52,229,31,10,70,344,42,4*6A
$GPGSV,2,2,06,08,22,288,34,23,53,071,33,4*6B
$GPGSV,2,1,07,24,31,060,35,18,25,147,35,32,52,229,29,10,70,344,39,6*62
$GPGSV,2,2,07,27,26,251,29,08,22,288,38,23,53,071,38,6*53
$GPGSV,2,1,07,24,31,060,44,18,25,147,42,32,52,229,34,10,70,344,43,8*6B
$GPGSV,2,2,07,27,26,251,31,08,22,288,42,23,53,071,43,8*55
$GPGSV,1,1,02,18,25,147,40,23,53,071,41,9*62
$GLGSV,2,1,07,68,32,041,35,78,13,070,34,69,69,331,40,83,29,168,34,1*70
$GLGSV,2,2,07,70,33,254,30,85,39,321,40,84,73,242,39,1*4D
$GLGSV,2,1,07,68,32,041,40,78,13,070,41,69,69,331,42,83,29,168,41,3*72
$GLGSV,2,2,07,70,33,254,35,85,39,321,40,84,73,242,41,3*45
$GLGSV,2,1,05,68,32,041,40,69,69,331,42,83,29,168,41,85,39,321,40,5*7A
$GLGSV,2,2,05,84,73,242,37,5*41
$GBGSV,1,1,02,B*07
$GBGSV,5,1,19,67,43,175,38,66,32,134,34,65,10,109,32,02,43,175,39,1*73
$GBGSV,5,2,19,03,32,134,37,01,,,33,27,26,179,37,07,36,124,38,1*4C
$GBGSV,5,3,19,06,40,073,36,09,63,042,39,32,74,309,44,30,53,251,37,1*74
$GBGSV,5,4,19,41,36,057,37,11,42,293,42,20,22,256,26,29,25,311,38,1*72
$GBGSV,5,5,19,10,28,135,37,25,16,076,28,23,10,123,29,1*46
$GBGSV,3,1,10,27,26,179,34,07,36,124,36,06,40,073,35,32,74,309,43,3*71
$GBGSV,3,2,10,30,53,251,33,41,36,057,36,11,42,293,39,20,22,256,25,3*70
$GBGSV,3,3,10,29,25,311,35,25,16,076,31,3*7F
$GBGSV,3,1,11,27,26,179,40,07,36,124,40,06,40,073,40,32,74,309,43,5*76
$GBGSV,3,2,11,30,53,251,38,41,36,057,43,11,42,293,43,20,22,256,26,5*70
$GBGSV,3,3,11,29,25,311,36,25,16,076,40,23,10,123,39,5*47
$GBGSV,3,1,12,02,43,175,45,03,32,134,38,27,26,179,41,07,36,124,42,6*70
$GBGSV,3,2,12,06,40,073,38,32,74,309,45,30,53,251,40,41,36,057,43,6*75
$GBGSV,3,3,12,11,42,293,44,29,25,311,38,25,16,076,43,23,10,123,40,6*7A
$GBGSV,4,1,16,02,43,175,44,03,32,134,40,01,,,37,27,26,179,43,8*47
$GBGSV,4,2,16,07,36,124,44,06,40,073,41,09,63,042,41,32,74,309,45,8*7E
$GBGSV,4,3,16,30,53,251,40,41,36,057,42,11,42,293,45,20,22,256,32,8*71
$GBGSV,4,4,16,29,25,311,38,10,28,135,29,25,16,076,43,23,10,123,39,8*77
$GBGSV,1,1,02,09,63,042,42,10,28,135,32,B*06
$GAGSV,2,1,06,34,25,136,40,08,49,212,42,05,19,046,40,32,,,44,1*48
$GAGSV,2,2,06,03,71,067,42,13,43,312,41,1*71
$GAGSV,2,1,06,34,25,136,38,08,49,212,43,05,19,046,46,32,,,46,2*41
$GAGSV,2,2,06,03,71,067,43,13,43,312,43,2*71
$GAGSV,2,1,06,34,2.2660,2.2128,"9901",6.000,0.000,46,35,35,33,1,00,03,ff*6d0f8327
$GNRMC,092609.00,A,3000.01733279,N,15000.04501382,E,0.007,287.7,210626,1.1,E,D,C*4D
$GNGGA,092609.00,3000.01733279,N,15000.04501382,E,2,28,0.5,2883.8975,M,-39.9013,M,2.0,144*7D
$GNGSA,M,3,08,10,18,23,24,27,32,,,,,,1.2,0.5,1.0,1*39
$GNGSA,M,3,68,69,84,85,,,,,,,,,1.2,0.5,1.0,2*39
$GNGSA,M,3,03,05,08,13,34,,,,,,,,1.2,0.5,1.0,3*33
$GNGSA,M,3,02,03,06,07,09,10,11,27,29,30,32,41,1.2,0.5,1.0,4*3E
$GPGSV,2,1,08,24,31,060,36,18,25,147,41,02,16,316,27,32,52,229,37,1*6E
$GPGSV,2,2,08,10,70,344,44,27,26,251,30,08,22,288,32,23,53,071,42,1*61
$GPGSV,2,1,06,24,31,060,36,18,25,147,29,32,52,229,30,10,70,344,42,4*6B
$GPGSV,2,2,06,08,22,288,34,23,53,071,33,4*6B
$GPGSV,2,1,07,24,31,060,34,18,25,147,34,32,52,229,29,10,70,344,39,6*62
$GPGSV,2,2,07,27,26,251,29,08,22,288,38,23,53,071,38,6*53
$GPGSV,2,1,07,24,31,060,45,18,25,147,42,32,52,229,34,10,70,344,43,8*6A
$GPGSV,2,2,07,27,26,251,31,08,22,288,42,23,53,071,43,8*55
$GPGSV,1,1,02,18,25,147,40,23,53,071,41,9*62
$GLGSV,2,1,07,68,32,041,35,78,13,070,33,69,69,331,40,83,29,168,33,1*70
$GLGSV,2,2,07,70,33,254,28,85,39,321,39,84,73,242,39,1*4A
$GLGSV,2,1,07,68,32,041,40,78,13,070,41,69,69,331,42,83,29,168,41,3*72
$GLGSV,2,2,07,70,33,254,35,85,39,321,41,84,73,242,41,3*44
$GLGSV,2,1,05,68,32,041,40,69,69,331,42,83,29,168,41,85,39,321,40,5*7A
$GLGSV,2,2,05,84,73,242,37,5*41
$GBGSV,1,1,02,B*07
$GBGSV,5,1,19,67,43,175,38,66,32,134,34,65,10,109,32,02,43,175,39,1*73
$GBGSV,5,2,19,03,32,134,36,01,,,33,27,26,179,37,07,36,124,39,1*4C
$GBGSV,5,3,19,06,40,073,36,09,63,042,39,32,74,309,44,30,53,251,37,1*74
$GBGSV,5,4,19,41,36,057,37,11,42,293,41,20,22,256,26,29,25,311,38,1*71
$GBGSV,5,5,19,10,28,135,37,25,16,076,29,23,10,123,30,1*4F
$GBGSV,3,1,10,27,26,179,34,07,36,124,36,06,40,073,34,32,74,309,42,3*71
$GBGSV,3,2,10,30,53,251,33,41,36,057,36,11,42,293,38,20,22,256,24,3*70
$GBGSV,3,3,10,29,25,311,35,25,16,076,32,3*7C
$GBGSV,3,1,11,27,26,179,39,07,36,124,39,06,40,073,40,32,74,309,43,5*76
$GBGSV,3,2,11,30,53,251,38,41,36,057,43,11,42,293,43,20,22,256,28,5*7E
$GBGSV,3,3,11,29,25,311,36,25,16,076,39,23,10,123,39,5*49
$GBGSV,3,1,12,02,43,175,45,03,32,134,38,27,26,179,41,07,36,124,42,6*70
$GBGSV,3,2,12,06,40,073,38,32,74,309,45,30,53,251,41,41,36,057,43,6*74
$GBGSV,3,3,12,11,42,293,44,29,25,311,38,25,16,076,43,23,10,123,41,6*7B
$GBGSV,4,1,16,02,43,175,44,03,32,134,41,01,,,37,27,26,179,43,8*46
$GBGSV,4,2,16,07,36,124,44,06,40,073,41,09,63,042,41,32,74,309,45,8*7E
$GBGSV,4,3,16,30,53,251,39,41,36,057,42,11,42,293,45,20,22,256,32,8*7F
$GBGSV,4,4,16,29,25,311,38,10,28,135,29,25,16,076,43,23,10,123,38,8*76
$GBGSV,1,1,02,09,63,042,41,10,28,135,32,B*05
$GAGSV,2,1,06,34,25,136,40,08,49,212,42,05,19,046,40,32,,,44,1*48
$GAGSV,2,2,06,03,71,067,42,13,43,312,41,1*71
$GAGSV,2,1,"9901",7.000,0.000,46,35,35,32,1,00,03,ff*5657fdbd
$GNRMC,092610.00,A,3000.02206009,N,15000.06861017,E,0.010,296.4,210626,1.1,E,D,C*43
$GNGGA,092610.00,3000.02206009,N,15000.06861017,E,2,28,0.5,2883.8977,M,-39.9013,M,3.0,144*75
$GNGSA,M,3,08,10,18,23,24,27,32,,,,,,1.2,0.5,1.0,1*39
$GNGSA,M,3,68,69,84,85,,,,,,,,,1.2,0.5,1.0,2*39
$GNGSA,M,3,03,05,08,13,34,,,,,,,,1.2,0.5,1.0,3*33
$GNGSA,M,3,02,03,06,07,09,10,11,27,29,30,32,41,1.2,0.5,1.0,4*3E
$GPGSV,2,1,08,24,31,060,36,18,25,147,40,02,16,316,26,32,52,229,37,1*6E
$GPGSV,2,2,08,10,70,344,44,27,26,251,29,08,22,288,32,23,53,071,42,1*69
$GPGSV,2,1,06,24,31,060,36,18,25,147,29,32,52,229,31,10,70,344,42,4*6A
$GPGSV,2,2,06,08,22,288,34,23,53,071,33,4*6B
$GPGSV,2,1,07,24,31,060,34,18,25,147,35,32,52,229,29,10,70,344,39,6*63
$GPGSV,2,2,07,27,26,251,28,08,22,288,38,23,53,071,39,6*53
$GPGSV,2,1,07,24,31,060,45,18,25,147,42,32,52,229,34,10,70,344,43,8*6A
$GPGSV,2,2,07,27,26,251,31,08,22,288,42,23,53,071,43,8*55
$GPGSV,1,1,02,18,25,147,40,23,53,071,41,9*62
$GLGSV,2,1,07,68,32,041,35,78,13,070,32,69,69,331,40,83,29,168,33,1*71
$GLGSV,2,2,07,70,33,254,30,85,39,321,40,84,73,242,39,1*4D
$GLGSV,2,1,07,68,32,041,39,78,13,070,41,69,69,331,42,83,29,168,41,3*7C
$GLGSV,2,2,07,70,33,254,35,85,39,321,41,84,73,242,41,3*44
$GLGSV,2,1,05,68,32,041,39,69,69,331,42,83,29,168,41,85,39,321,40,5*74
$GLGSV,2,2,05,84,73,242,38,5*4E
$GBGSV,1,1,02,B*07
$GBGSV,5,1,19,67,43,175,38,66,32,134,34,65,10,109,32,02,43,175,39,1*73
$GBGSV,5,2,19,03,32,134,37,01,,,33,27,26,179,37,07,36,124,39,1*4D
$GBGSV,5,3,19,06,40,073,36,09,63,042,39,32,74,309,44,30,53,251,36,1*75
$GBGSV,5,4,19,41,36,057,36,11,42,293,40,20,22,256,22,29,25,311,38,1*75
$GBGSV,5,5,19,10,28,135,37,25,16,076,29,23,10,123,29,1*47
$GBGSV,3,1,10,27,26,179,34,07,36,124,36,06,40,073,34,32,74,309,43,3*70
$GBGSV,3,2,10,30,53,251,32,41,36,057,36,11,42,293,38,20,22,256,22,3*77
$GBGSV,3,3,10,29,25,311,35,25,16,076,32,3*7C
$GBGSV,3,1,11,27,26,179,40,07,36,124,39,06,40,073,40,32,74,309,43,5*78
$GBGSV,3,2,11,30,53,251,37,41,36,057,43,11,42,293,43,20,22,256,27,5*7E
$GBGSV,3,3,11,29,25,311,36,25,16,076,40,23,10,123,39,5*47
$GBGSV,3,1,12,02,43,175,46,03,32,134,38,27,26,179,41,07,36,124,42,6*73
$GBGSV,3,2,12,06,40,073,38,32,74,309,45,30,53,251,40,41,36,057,43,6*75
$GBGSV,3,3,12,11,42,293,44,29,25,311,38,25,16,076,42,23,10,123,41,6*7A
$GBGSV,4,1,16,02,43,175,44,03,32,134,41,01,,,37,27,26,179,43,8*46
$GBGSV,4,2,16,07,36,124,44,06,40,073,41,09,63,042,41,32,74,309,46,8*7D
$GBGSV,4,3,16,30,53,251,40,41,36,057,42,11,42,293,45,20,22,256,31,8*72
$GBGSV,4,4,16,29,25,311,38,10,28,135,29,25,16,076,43,23,10,123,38,8*76
$GBGSV,1,1,02,09,63,042,42,10,28,135,31,B*05
$GAGSV,2,1,06,34,25,136,40,08,49,212,42,05,19,046,40,32,,,44,1*48
$GAGSV,2,2,06,03,71,067,42,13,43,312,42,1*72
$GAGSV,2,1,06,34,25,136,38,08,49,212,43,05,19,046,46,32,,,45,2*42
$GAGSV,2,2,06,03,71,067,43,13,43,312,43,2*71
$GAGSV,2,1,06,34,25,136,27,08,49,212,42,05,19,046,45,32,,,45,5*49
$GAGSV,2,2,06,03,71,067,42,13,43,312,41,5*75
$GAGSV,2,1,06,34,25,136,35,08,49,212,40,05,19,046,30,32,,,40,7*4D
$GAGSV,2,2,06,03,71,067,40,13,43,312,38,7*7B
$GQGSV,1,1,03,03,11,128,27,07,19,119,29,55,38,160,37,1*5E
$GQGSV,1,1,02,03,11,128,40,07,19,119,35,6*6C
$GQGSV,1,1,02,03,11,128,40,07,19,119,40,8*60
$GIGSV,2,1,07,09,48,225,37,05,,,39,02,13,206,20,10,16,119,41,1*4E
$GIGSV,2,2,07,01,,,36,07,,,40,03,,,42,1*78
$GIGSV,1,1823,149.99998002859,2883.9313,-39.9014,WGS84,1.5650,1.2611,2.2036,"9901",8.000,0.000,46,34,34,32,1,00,03,ff*67e8c6cf
$GNRMC,092611.00,A,3000.03875742,N,15000.07378874,E,0.027,269.5,210626,1.1,E,D,C*4F
$GNGGA,092611.00,3000.03875742,N,15000.07378874,E,2,28,0.5,2883.8977,M,-39.9013,M,2.0,144*7D
$GNGSA,M,3,08,10,18,23,24,27,32,,,,,,1.1,0.5,1.0,1*3A
$GNGSA,M,3,68,69,70,84,85,,,,,,,,1.1,0.5,1.0,2*3D
$GNGSA,M,3,03,05,08,13,34,,,,,,,,1.1,0.5,1.0,3*30
$GNGSA,M,3,02,03,06,07,09,11,27,29,30,32,41,,1.1,0.5,1.0,4*3C
$GPGSV,2,1,08,24,31,060,36,18,25,147,40,02,16,316,32,32,52,229,38,1*64
$GPGSV,2,2,08,10,70,344,42,27,26,251,30,08,22,288,32,23,53,071,41,1*64
$GPGSV,2,1,05,24,31,060,36,32,52,229,31,10,70,344,40,08,22,288,33,4*66
$GPGSV,2,2,05,23,53,071,33,4*55
$GPGSV,2,1,07,24,31,060,35,18,25,147,33,32,52,229,28,10,70,344,38,6*64
$GPGSV,2,2,07,27,26,251,29,08,22,288,38,23,53,071,39,6*52
$GPGSV,2,1,07,24,31,060,44,18,25,147,42,32,52,229,34,10,70,344,42,8*6A
$GPGSV,2,2,07,27,26,251,32,08,22,288,42,23,53,071,43,8*56
$GPGSV,1,1,02,18,25,147,40,23,53,071,40,9*63
$GLGSV,2,1,07,68,32,041,35,78,13,070,31,69,69,331,37,83,29,168,33,1*72
$GLGSV,2,2,07,70,33,254,30,85,39,321,39,84,73,242,39,1*43
$GLGSV,2,1,07,68,32,041,35,78,13,070,40,69,69,331,40,83,29,168,41,3*73
$GLGSV,2,2,07,70,33,254,35,85,39,321,40,84,73,242,40,3*44
$GLGSV,2,1,05,68,32,041,35,69,69,331,41,83,29,168,41,85,39,321,40,5*7B
$GLGSV,2,2,05,84,73,242,36,5*40
$GBGSV,1,1,02,B*07
$GBGSV,5,1,19,67,43,175,38,66,32,134,34,65,10,109,32,02,43,175,40,1*7D
$GBGSV,5,2,19,03,32,134,36,01,,,33,27,26,179,38,07,36,124,38,1*42
$GBGSV,5,3,19,06,40,073,35,09,63,042,37,32,74,309,42,30,53,251,36,1*7E
$GBGSV,5,4,19,41,36,058,35,11,42,293,39,20,22,256,26,29,25,311,38,1*73
$GBGSV,5,5,19,10,28,135,37,25,16,076,29,23,10,123,28,1*46
$GBGSV,3,1,10,27,26,179,34,07,36,124,36,06,40,073,33,32,74,309,41,3*75
$GBGSV,3,2,10,30,53,251,32,41,36,058,36,11,42,293,37,20,22,256,25,3*70
$GBGSV,3,3,10,29,25,311,35,25,16,076,31,3*7F
$GBGSV,3,1,11,27,26,179,40,07,36,124,39,06,40,073,41,32,74,309,41,5*7B
$GBGSV,3,2,11,30,53,251,38,41,36,058,43,11,42,293,42,20,22,256,27,5*7F
$GBGSV,3,3,11,29,25,311,35,25,16,076,38,23,10,123,40,5*45
$GBGSV,3,1,12,02,43,175,45,03,32,134,38,27,26,179,42,07,36,124,42,6*73
$GBGSV,3,2,12,06,40,073,39,32,74,309,43,30,53,251,40,41,36,058,43,6*7D
$GBGSV,3,3,12,11,42,293,44,29,25,311,37,25,16,076,41,23,10,123,41,6*76
$GBGSV,4,1,16,02,43,175,44,03,32,134,40,01,,,36,27,26,179,43,8*46
$GBGSV,4,2,16,07,36,124,44,06,40,073,40,09,63,042,38,32,74,309,43,8*77
$GBGSV,4,3,16,30,53,251,40,41,36,058,41,11,42,293,45,20,22,256,31,8*7E
$GBGSV,4,4,16,29,25,311,37,10,28,135,30,25,16,076,42,23,10,123,39,8*71
$GBGSV,1,1,02,09,63,042,35,10,28,135,31,B*05
$GAGSV,2,1,06,34,25,136,40,08,49,212,42,05,19,046,40,32,,,43,1*4F
$GAGSV,2,2,06,03,71,067,40,13,43,312,42,1*70
$GAGSV,2,1,06,34,25,136,0.000,46,34,34,31,1,00,07,ff*6dd3a7af
$GNRMC,092612.00,A,3000.04924968,N,15000.05371190,E,0.121,304.5,210626,1.2,E,D,C*4E
$GNGGA,092612.00,3000.04924968,N,15000.05371190,E,2,28,0.5,2883.8923,M,-39.9013,M,2.0,144*73
$GNGSA,M,3,02,08,10,18,23,24,27,32,,,,,1.1,0.5,0.9,1*30
$GNGSA,M,3,68,69,70,78,84,85,,,,,,,1.1,0.5,0.9,2*3A
$GNGSA,M,3,03,05,08,13,34,,,,,,,,1.1,0.5,0.9,3*38
$GNGSA,M,3,02,03,07,11,27,30,32,41,,,,,1.1,0.5,0.9,4*30
$GNGSA,M,3,03,,,,,,,,,,,,1.1,0.5,0.9,5*36
$GPGSV,2,1,08,24,31,060,33,18,25,147,37,02,16,316,34,32,52,229,36,1*69
$GPGSV,2,2,08,10,70,344,34,27,26,251,30,08,22,288,29,23,53,071,37,1*6E
$GPGSV,2,1,05,24,31,060,34,32,52,229,30,10,70,344,37,08,22,288,30,4*66
$GPGSV,2,2,05,23,53,071,30,4*56
$GPGSV,2,1,07,24,31,060,34,18,25,147,32,32,52,229,28,10,70,344,35,6*69
$GPGSV,2,2,07,27,26,251,28,08,22,288,34,23,53,071,38,6*5E
$GPGSV,2,1,07,24,31,060,43,18,25,147,40,32,52,229,33,10,70,344,39,8*64
$GPGSV,2,2,07,27,26,251,31,08,22,288,39,23,53,071,40,8*5A
$GPGSV,1,1,02,18,25,147,36,23,53,071,36,9*63
$GLGSV,2,1,07,68,32,041,32,78,13,070,29,69,69,332,28,83,29,168,30,1*72
$GLGSV,2,2,07,70,33,254,27,85,39,321,38,84,73,242,36,1*4B
$GLGSV,2,1,07,68,32,041,31,78,13,070,38,69,69,332,37,83,29,168,39,3*74
$GLGSV,2,2,07,70,33,254,32,85,39,321,40,84,73,242,36,3*42
$GLGSV,2,1,05,68,32,041,31,69,69,332,38,83,29,168,40,85,39,321,39,5*7D
$GLGSV,2,2,05,84,73,242,33,5*45
$GBGSV,1,1,02,B*07
$GBGSV,5,1,18,67,43,175,38,66,32,134,34,02,43,175,37,03,32,134,35,1*75
$GBGSV,5,2,18,01,,,26,27,26,179,36,07,36,124,38,06,40,073,31,1*4C
$GBGSV,5,3,18,09,63,042,27,32,74,309,36,30,53,251,35,41,36,058,33,1*73
$GBGSV,5,4,18,11,42,293,38,20,22,256,28,29,25,311,31,10,28,135,35,1*75
$GBGSV,5,5,18,25,16,076,29,23,10,123,28,1*7F
$GBGSV,3,1,10,27,26,179,33,07,36,124,36,06,40,073,28,32,74,309,36,3*78
$GBGSV,3,2,10,30,53,251,31,41,36,058,34,11,42,293,36,20,22,256,25,3*70
$GBGSV,3,3,10,29,25,311,29,25,16,076,24,3*76
$GBGSV,3,1,11,27,26,179,38,07,36,124,35,06,40,073,42,32,74,309,37,5*7A
$GBGSV,3,2,11,30,53,251,35,41,36,058,41,11,42,293,42,20,22,256,23,5*74
$GBGSV,3,3,11,29,25,311,33,25,16,076,35,23,10,123,38,5*41
$GBGSV,3,1,12,02,43,175,45,03,32,134,32,27,26,179,39,07,36,124,37,6*77
$GBGSV,3,2,12,06,40,073,40,32,74,309,40,30,53,251,37,41,36,058,42,6*71
$GBGSV,3,3,12,11,42,293,44,29,25,311,34,25,16,076,39,23,10,123,39,6*75
$GBGSV,4,1,16,02,43,175,43,03,32,134,37,01,,,33,27,26,179,40,8*47
$GBGSV,4,2,16,07,36,124,41,06,40,073,40,09,63,042,25,32,74,309,38,8*72
$GBGSV,4,3,16,30,53,251,37,41,36,058,39,11,42,293,44,20,22,256,30,8*71
$GBGSV,4,4,16,29,25,311,33,10,28,135,26,25,16,076,40,23,10,123,36,8*7F
$GBGSV,1,1,02,09,63,042,34,10,28,135,33,B*06
$GAGSV,2,1,06,34,25,136,40,08,49,212,40,05,19,046,39,32,,,41,1*41
$GAGSV,2,2,06,03,71,067,35,13,43,312,41,1*71
$GAGSV,2,1,06,34,25,136,40,08,49,212,41,05,19,046,45,32,,,42,2*4B
$GAGSV,2,2,06,03,71,067,37,13,43,312,42,2*73
$GA,WGS84,1.5583,1.2576,2.1991,"9901",10.000,0.000,46,32,32,25,1,00,07,ff*084b02b3
$GNRMC,092613.00,A,3000.02990797,N,15000.06418024,E,0.097,101.5,210626,1.2,E,D,C*46
$GNGGA,092613.00,3000.02990797,N,15000.06418024,E,2,28,0.5,2883.8782,M,-39.9013,M,3.0,144*74
$GNGSA,M,3,02,08,10,18,23,24,27,32,,,,,1.1,0.5,0.9,1*30
$GNGSA,M,3,68,69,70,85,,,,,,,,,1.1,0.5,0.9,2*39
$GNGSA,M,3,03,05,08,13,34,,,,,,,,1.1,0.5,0.9,3*38
$GNGSA,M,3,02,03,07,09,11,27,29,30,32,41,,,1.1,0.5,0.9,4*32
$GNGSA,M,3,03,,,,,,,,,,,,1.1,0.5,0.9,5*36
$GPGSV,2,1,08,24,31,060,35,18,25,147,39,02,16,316,31,32,52,229,36,1*64
$GPGSV,2,2,08,10,70,344,31,27,26,251,29,08,22,288,30,23,53,071,36,1*6A
$GPGSV,1,1,04,24,31,060,35,32,52,229,29,10,70,344,32,08,22,288,31,4*69
$GPGSV,2,1,07,24,31,060,33,18,25,147,31,32,52,229,28,10,70,344,33,6*6B
$GPGSV,2,2,07,27,26,251,29,08,22,288,34,23,53,071,36,6*51
$GPGSV,2,1,07,24,31,060,42,18,25,147,37,32,52,229,33,10,70,344,37,8*6B
$GPGSV,2,2,07,27,26,251,31,08,22,288,39,23,53,071,37,8*5A
$GPGSV,1,1,02,18,25,147,38,23,53,071,36,9*6D
$GLGSV,2,1,07,68,32,041,30,78,13,070,31,69,69,332,27,83,29,168,30,1*76
$GLGSV,2,2,07,70,33,254,24,85,39,321,38,84,73,242,34,1*4A
$GLGSV,2,1,07,68,32,041,32,78,13,070,40,69,69,332,35,83,29,168,39,3*7A
$GLGSV,2,2,07,70,33,254,33,85,39,321,38,84,73,242,33,3*49
$GLGSV,2,1,05,68,32,041,32,69,69,332,35,83,29,168,38,85,39,321,37,5*72
$GLGSV,2,2,05,84,73,242,33,5*45
$GBGSV,1,1,02,B*07
$GBGSV,5,1,18,67,43,175,38,66,32,134,34,02,43,175,35,03,32,134,33,1*71
$GBGSV,5,2,18,01,,,36,27,26,179,34,07,36,124,36,06,40,073,35,1*45
$GBGSV,5,3,18,09,63,042,30,32,74,309,34,30,52,250,32,41,36,058,34,1*77
$GBGSV,5,4,18,11,42,293,36,20,22,256,26,29,25,311,36,10,28,135,34,1*73
$GBGSV,5,5,18,25,16,076,26,23,10,123,36,1*7F
$GBGSV,3,1,10,27,26,179,31,07,36,124,33,06,40,073,33,32,74,309,33,3*70
$GBGSV,3,2,10,30,52,250,28,41,36,058,35,11,42,293,34,20,22,256,25,3*7B
$GBGSV,3,3,10,29,25,311,33,25,16,076,27,3*7E
$GBGSV,3,1,11,27,26,179,38,07,36,124,38,06,40,073,41,32,74,309,33,5*70
$GBGSV,3,2,11,30,52,250,33,41,36,058,40,11,42,293,40,20,22,256,21,5*73
$GBGSV,3,3,11,29,25,311,30,25,16,076,38,23,10,123,41,5*41
$GBGSV,3,1,11,02,43,175,44,03,32,134,40,27,26,179,38,07,36,124,40,6*71
$GBGSV,3,2,11,06,40,073,38,32,74,309,36,30,52,250,36,41,36,058,41,6*7E
$GBGSV,3,3,11,11,42,293,42,25,16,076,40,23,10,123,42,6*4A
$GBGSV,4,1,16,02,43,175,42,03,32,134,41,01,,,37,27,26,179,41,8*42
$GBGSV,4,2,16,07,36,124,41,06,40,073,39,09,63,042,29,32,74,309,36,8*7E
$GBGSV,4,3,16,30,52,250,36,41,36,058,38,11,42,293,41,20,22,256,29,8*7C
$GBGSV,4,4,16,29,25,311,34,10,28,135,35,25,16,076,40,23,10,123,40,8*7B
$GBGSV,1,1,02,09,63,042,28,10,28,135,35,B*0D
$GAGSV,2,1,06,34,25,136,37,08,49,212,40,05,19,046,38,32,,,40,1*41
$GAGSV,2,2,06,03,71,067,32,13,43,312,39,1*79
$GAGSV,2,1,06,34,25,136,36,08,49,212,41,05,19,046,44,32,,,41,2*48
$GAGSV,2,2,06,03,71,067,34,13,43,312,40,2*72
$GAGSV,2,1,06,34,25,136,35,08,49,212,41,05,19,046,42,32,,,42,5*49
$GAGSV,2,2,06,03,71,067,29,13,43,312,36,5*78
$GAGSV,2,1,06,34,25,136,35,08,49,212,37,05,19,046,27,32,,,37,7*4B
$GAGSV,2,2,06,03,71,067,27,13,43,312,35,7*77
$GQGSV,1,1,03,03,11,128,34,07,19,119,27,55,38,160,37,1*52
$GQGSV,1,1,02,03,11,128,40,07,19,119,34,6*6D
$GQGSV,1,1,02,03,11,128,41,07,19,119,38,8*6E
$GIGSV,2,1,07,09,48,225,37,05,,,32,02,13,206,21,10,16,119,39,1*4B
$GIGSV,2,2,07,01,,,32,07,,,36,03,,,39,1*71
$GIGSV,1,1,03,41,40,171,37,45,37,156,30,40,36,211,36,5*4A
#PPPNAVA,95,GPS,FINE,2424,33991000,0,0,18,22;SOL_COMPUTED,PPP_CONVERGING,30.00050352350,150.00104980133,2883.7566,-39.9014,WGS84,1.5583,1.2576,2.1992,"9901",1.000,0.000,46,31,31,26,2,00,07,ff*b4ea7db8
$GNRMC,092614.00,A,3000.03154081,N,15000.08084689,E,0.161,66.2,210626,1.2,E,D,C*71
$GNGGA,092614.00,3000.03154081,N,15000.08084689,E,2,28,0.5,2883.8374,M,-39.9013,M,4.0,144*76
$GNGSA,M,3,02,08,10,18,23,24,27,32,,,,,1.1,0.5,0.9,1*30
$GNGSA,M,3,69,70,85,,,,,,,,,,1.1,0.5,0.9,2*37
$GNGSA,M,3,03,05,08,13,34,,,,,,,,1.1,0.5,0.9,3*38
$GNGSA,M,3,02,03,07,09,10,11,27,29,30,32,41,,1.1,0.5,0.9,4*33
$GNGSA,M,3,03,,,,,,,,,,,,1.1,0.5,0.9,5*36
$GPGSV,2,1,08,24,31,060,34,18,25,147,40,02,16,316,32,32,52,229,34,1*6A
$GPGSV,2,2,08,10,70,344,33,27,26,251,29,08,22,288,26,23,53,071,35,1*6C
$GPGSV,1,1,03,24,31,060,34,18,25,147,29,10,70,344,32,4*54
$GPGSV,2,1,07,24,31,060,34,18,25,147,33,32,52,229,27,10,70,344,34,6*66
$GPGSV,2,2,07,27,26,251,26,08,22,288,31,23,53,071,37,6*5A
$GPGSV,2,1,07,24,31,060,42,18,25,147,37,32,52,229,31,10,70,344,37,8*69
$GPGSV,2,2,07,27,26,251,31,08,22,288,37,23,53,071,40,8*54
$GPGSV,1,1,02,18,25,147,39,23,53,071,36,9*6C
$GLGSV,2,1,07,68,32,041,29,78,13,070,35,69,69,332,27,83,29,168,34,1*7E
$GLGSV,2,2,07,70,33,254,28,85,39,321,39,84,73,242,32,1*41
$GLGSV,2,1,07,68,32,041,29,78,13,070,40,69,69,332,35,83,29,168,39,3*70
$GLGSV,2,2,07,70,33,254,33,85,39,321,35,84,73,242,31,3*46
$GLGSV,2,1,05,68,32,041,30,69,69,332,35,83,29,168,37,85,39,321,34,5*7C
$GLGSV,2,2,05,84,73,242,29,5*4E
$GBGSV,1,1,02,B*07
$GBGSV,5,1,18,67,43,175,38,66,32,134,34,02,43,175,39,03,32,134,35,1*7B
$GBGSV,5,2,18,01,,,34,27,26,179,38,07,36,124,36,06,39,073,36,1*46
$GBGSV,5,3,18,09,63,042,26,32,74,309,32,30,52,250,32,41,36,058,34,1*76
$GBGSV,5,4,18,11,42,293,37,20,22,256,26,29,25,311,33,10,28,135,36,1*75
$GBGSV,5,5,18,25,16,076,28,23,10,123,36,1*71
$GBGSV,3,1,11,27,26,179,35,07,36,124,33,06,39,073,35,32,74,309,30,3*7E
$GBGSV,3,2,11,30,52,250,28,41,36,058,36,11,42,293,34,20,22,256,23,3*7F
$GBGSV,3,3,11,29,25,311,31,25,16,076,32,23,10,123,33,3*49
$GBGSV,3,1,11,27,26,179,39,07,36,124,39,06,39,073,38,32,74,309,36,5*75
$GBGSV,3,2,11,30,52,250,34,41,36,058,39,11,42,293,39,20,22,256,28,5*7D
$GBGSV,3,3,11,29,25,311,26,25,16,076,38,23,10,123,41,5*46
$GBGSV,3,1,11,02,43,175,43,03,32,134,41,27,26,179,39,07,36,124,40,6*76
$GBGSV,3,2,11,06,39,073,36,32,74,309,37,30,52,250,35,41,36,058,39,6*73
$GBGSV,3,3,11,11,42,293,40,25,16,076,38,23,10,123,41,6*44
$GBGSV,4,1,16,02,43,175,42,03,32,134,42,01,,,37,27,26,179,40,8*40
$GBGSV,4,2,16,07,36,124,43,06,39,073,36,09,63,042,25,32,74,309,36,8*71
$GBGSV,4,3,16,30,52,250,33,41,36,058,37,11,42,293,40,20,22,256,27,8*79
$GBGSV,4,4,16,29,25,311,29,10,28,135,35,25,16,076,41,23,10,123,40,8*76
$GBGSV,1,1,02,09,63,042,25,10,28,135,36,B*03
$GAGSV,2,1,06,34,25,136,37,08,49,212,38,05,19,046,36,32,,,37,1*40
$GAGSV,2,2,06,03,71,067,28,13,43,312,37,1*7C
$GAGSV,2,1,06,34,25,136,36,08,49,212,39,05,19,046,43,32,,,38,2*4E
$GAGSV,2,2,06,03,71,067,27,13,43,312,37,2*70
$GAGSV,2,1,06,34,25,136,36,08,49,212,38,05,19,046,43,32,,,39,5*49
$GAGSV,2,2,06,03,71,067,26,13,43,312,34,5*75
$GAGSV,2,1,06,34,25,136,37,08,49,212,37,05,19,046,25,32,,,34,7*48
$GAGSV,2,2,06,03,71,067,24,13,43,312,36,7*77
$GQGSV,1,1,03,03,11,128,34,07,19,119,28,55,38,160,37,1*5D
$GQGSV,1,1,02,03,11,128,39,07,19,119,32,6*65
$GQGSV,1,1,02,03,11,128,42,07,19,119,37,8*62
$GIGSV,2,1,07,09,48,225,35,05,,,34,02,13,206,20,10,16,119,39,1*4E
$GIGSV,2,2,07,01,,,29,07,,,35,03,,,40,1*76
$GIGSV,1,1,02,41,40,171,37,40,36,211,36,5*7F
#PPPNAVA,95,GPS,FINE,2424,33992000,0,0,18,21;SOL_COMPUTED,PPP_CONVERGING,30.00053113716,150.00132739983,2883.7311,-39.9014,WGS84,1.5583,1.2576,2.1993,"9901",2.000,0.000,46,27,27,23,3,00,07,ff*84563629
$GNRMC,092615.00,A,3000.05787368,N,15000.08488367,E,0.117,225.2,210626,1.2,E,D,C*43
$GNGGA,092615.00,3000.05787368,N,15000.08488367,E,2,28,0.5,2883.7751,M,-39.9013,M,2.0,144*7A
$GNGSA,M,3,02,08,10,18,23,24,27,32,,,,,1.1,0.5,1.0,1*38
$GNGSA,M,3,69,85,,,,,,,,,,,1.1,0.5,1.0,2*38
$GNGSA,M,3,03,05,08,13,34,,,,,,,,1.1,0.5,1.0,3*30
$GNGSA,M,3,02,03,06,07,09,10,11,27,29,30,32,41,1.1,0.5,1.0,4*3D
$GNGSA,M,3,03,,,,,,,,,,,,1.1,0.5,1.0,5*3E
$GPGSV,2,1,08,24,31,060,34,18,25,147,40,02,16,316,33,32,52,229,34,1*6B
$GPGSV,2,2,08,10,70,344,33,27,26,251,28,08,22,288,24,23,53,071,34,1*6E
$GPGSV,1,1,04,24,31,060,34,18,25,147,28,10,70,344,32,23,53,071,29,4*68
$GPGSV,2,1,07,24,31,060,35,18,25,147,32,32,52,229,23,10,70,344,33,6*65
$GPGSV,2,2,07,27,26,251,27,08,22,288,32,23,53,071,38,6*57
$GPGSV,2,1,07,24,31,060,42,18,25,147,35,32,52,229,26,10,70,344,36,8*6C
$GPGSV,2,2,07,27,26,251,34,08,22,288,39,23,53,071,40,8*5F
$GPGSV,1,1,02,18,25,147,38,23,53,071,34,9*6F
$GLGSV,2,1,07,68,32,041,28,78,13,070,35,69,69,332,28,83,29,168,36,1*72
$GLGSV,2,2,07,70,33,254,26,85,39,321,40,84,73,242,29,1*4B
$GLGSV,2,1,07,68,32,041,27,78,13,070,40,69,69,332,36,83,29,168,38,3*7C
$GLGSV,2,2,07,70,33,254,33,85,39,321,38,84,73,242,30,3*4A
$GLGSV,2,1,05,68,32,041,26,69,69,332,36,83,29,168,36,85,39,321,36,5*7B
$GLGSV,2,2,05,84,73,242,28,5*4F
$GBGSV,1,1,02,B*07
$GBGSV,5,1,18,67,43,175,38,66,32,134,34,02,43,175,39,03,32,134,35,1*7B
$GBGSV,5,2,18,01,,,31,27,26,179,40,07,36,124,34,06,39,073,37,1*4F
$GBGSV,5,3,18,09,63,042,26,32,74,309,33,30,52,250,32,41,36,058,35,1*76
$GBGSV,5,4,18,11,42,293,38,20,22,256,24,29,25,311,32,10,28,135,36,1*79
$GBGSV,5,5,18,25,16,076,27,23,10,123,35,1*7D
$GBGSV,3,1,11,27,26,179,37,07,36,124,32,06,39,073,36,32,74,309,31,3*7F
$GBGSV,3,2,11,30,52,250,28,41,36,058,37,11,42,293,36,20,22,256,22,3*7D
$GBGSV,3,3,11,29,25,311,30,25,16,076,33,23,10,123,33,3*49
$GBGSV,3,1,11,27,26,179,39,07,36,124,40,06,39,073,37,32,74,309,36,5*74
$GBGSV,3,2,11,30,52,250,35,41,36,058,38,11,42,293,39,20,22,256,28,5*7D
$GBGSV,3,3,11,29,25,311,29,25,16,076,38,23,10,123,41,5*49
$GBGSV,3,1,11,02,43,175,42,03,32,134,40,27,26,179,38,07,36,124,41,6*76
$GBGSV,3,2,11,06,39,073,36,32,74,309,38,30,52,250,35,41,36,058,38,6*7D
$GBGSV,3,3,11,11,42,293,39,25,16,076,37,23,10,123,42,6*46
$GBGSV,4,1,16,02,43,175,41,03,32,134,43,01,,,38,27,26,179,39,8*43
$GBGSV,4,2,16,07,36,124,43,06,39,073,37,09,63,042,22,32,74,309,37,8*76
$GBGSV,4,3,16,30,52,250,35,41,36,058,38,11,42,293,38,20,22,256,27,8*7F
$GBGSV,4,4,16,29,25,311,30,10,28,135,35,25,16,076,40,23,10,123,41,8*7E
$GBGSV,1,1,02,09,63,042,25,10,28,135,35,B*00
$GAGSV,2,1,06,34,25,136,36,08,49,212,37,05,19,046,36,32,,,34,1*4D
$GAGSV,2,2,06,03,71,067,27,13,43,312,38,1*7C
$GAGSV,2,1,06,34,25,136,35,08,49,212,37,05,19,046,44,32,,,34,2*48
$GAGSV,2,2,06,03,71,067,28,13,43,312,37,2*7F
$GAGSV,2,1,05,34,25,136,36,08,49,212,36,05,19,046,45,32,,,36,5*4D
$GAGSV,2,2,05,13,43,312,36,5*44
$GAGSV,2,1,06,34,25,136,38,08,49,212,38,05,19,046,22,32,,,32,7*49
$GAGSV,2,2,06,03,71,067,23,13,43,312,36,7*70
$GQGSV,1,1,03,03,11,128,34,07,19,119,29,55,38,160,37,1*5C
$GQGSV,1,1,02,03,11,128,40,07,19,119,30,6*69
$GQGSV,1,1,02,03,11,128,42,07,19,119,34,8*61
$GIGSV,2,1,06,09,48,225,31,05,,,35,02,13,206,19,10,16,119,37,1*4E
$GIGSV,2,2,06,07,,,34,03,,,39,1*72
$GIGSV,1,1,02,41,40,171,37,40,36,211,36,5*7F
#PPPNAVA,95,GPS,FINE,2424,33993000,0,0,18,22;SOL_COMPUTED,PPP_CONVERGING,30.00097063521,150.00139441606,2883.7369,-39.9014,WGS84,1.5583,1.2576,2.1992,"9901",3.000,0.000,45,28,28,23,4,00,07,ff*6fef90ad
$GNRMC,092616.00,A,3000.06677016,N,15000.08209829,E,0.177,40.6,210626,1.2,E,D,C*7A
$GNGGA,092616.00,3000.06677016,N,15000.08209829,E,2,28,0.5,2883.7290,M,-39.9013,M,3.0,144*79
$GNGSA,M,3,02,08,10,18,23,24,27,32,,,,,1.1,0.5,1.0,1*38
$GNGSA,M,3,69,85,,,,,,,,,,,1.1,0.5,1.0,2*38
$GNGSA,M,3,03,05,08,13,34,,,,,,,,1.1,0.5,1.0,3*30
$GNGSA,M,3,02,03,06,07,09,10,11,27,29,30,32,41,1.1,0.5,1.0,4*3D
$GNGSA,M,3,03,,,,,,,,,,,,1.1,0.5,1.0,5*3E
$GPGSV,2,1,08,24,31,060,35,18,25,147,40,02,16,316,32,32,52,229,34,1*6B
$GPGSV,2,2,08,10,70,344,32,27,26,251,27,08,22,288,23,23,53,071,35,1*66
$GPGSV,1,1,03,24,31,060,35,18,25,147,31,10,70,344,30,4*5E
$GPGSV,2,1,07,24,31,060,36,18,25,147,33,32,52,229,21,10,70,344,33,6*65
$GPGSV,2,2,07,27,26,251,25,08,22,288,32,23,53,071,36,6*5B
$GPGSV,2,1,07,24,31,060,43,18,25,147,33,32,52,229,26,10,70,344,38,8*65
$GPGSV,2,2,07,27,26,251,33,08,22,288,39,23,53,071,40,8*58
$GPGSV,1,1,02,18,25,147,39,23,53,071,34,9*6E
$GLGSV,2,1,07,68,32,041,28,78,13,070,35,69,69,332,27,83,29,168,37,1*7C
$GLGSV,2,2,07,70,33,254,21,85,39,321,39,84,73,242,30,1*4A
$GLGSV,2,1,07,68,32,041,27,78,13,070,39,69,69,332,36,83,29,168,39,3*73
$GLGSV,2,2,07,70,33,254,31,85,39,321,38,84,73,242,29,3*40
$GLGSV,2,1,05,68,32,041,27,69,69,332,36,83,29,168,37,85,39,321,36,5*7B
$GLGSV,2,2,05,84,73,242,27,5*40
$GBGSV,1,1,02,B*07
$GBGSV,5,1,18,67,43,175,38,66,32,134,34,02,43,175,39,03,32,134,35,1*7B
$GBGSV,5,2,18,01,,,33,27,26,179,39,07,36,124,35,06,39,073,36,1*43
$GBGSV,5,3,18,09,63,042,26,32,74,309,33,30,52,250,29,41,36,058,34,1*7D
$GBGSV,5,4,18,11,42,293,38,20,22,256,21,29,25,311,31,10,28,135,36,1*7F
$GBGSV,5,5,18,25,16,076,24,23,11,123,34,1*7E
$GBGSV,3,1,10,27,26,179,37,07,36,124,33,06,39,073,35,32,74,309,31,3*7C
$GBGSV,3,2,10,30,52,250,26,41,36,058,35,11,42,293,36,20,22,256,20,3*72
$GBGSV,3,3,10,29,25,311,29,25,16,076,34,3*77
$GBGSV,3,1,11,27,26,179,39,07,36,124,41,06,39,073,37,32,74,309,37,5*74
$GBGSV,3,2,11,30,52,250,34,41,36,058,38,11,42,293,38,20,22,256,32,5*76
$GBGSV,3,3,11,29,25,311,29,25,16,076,38,23,11,123,40,5*49
$GBGSV,3,1,11,02,43,175,41,03,32,134,41,27,26,179,39,07,36,124,42,6*76
$GBGSV,3,2,11,06,39,073,35,32,74,309,38,30,52,250,35,41,36,058,38,6*7E
$GBGSV,3,3,11,11,42,293,38,25,16,076,37,23,11,123,41,6*45
$GBGSV,4,1,16,02,43,175,41,03,32,134,43,01,,,38,27,26,179,40,8*4D
$GBGSV,4,2,16,07,36,124,43,06,39,073,37,09,63,042,23,32,74,309,36,8*76
$GBGSV,4,3,16,30,52,250,34,41,36,058,38,11,42,293,38,20,22,256,29,8*70
$GBGSV,4,4,16,29,25,311,31,10,28,135,36,25,16,076,39,23,11,123,42,8*70
$GBGSV,1,1,01,10,28,135,36,B*3D
$GAGSV,2,1,05,34,25,136,36,08,49,212,36,05,19,046,37,32,,,34,1*4E
$GAGSV,2,2,05,13,43,312,38,1*4E
$GAGSV,2,1,06,34,25,136,35,08,49,212,36,05,19,046,44,32,,,33,2*4E
$GAGSV,2,2,06,03,71,067,26,13,43,312,37,2*71
$GAGSV,2,1,06,34,25,136,37,08,49,212,35,05,19,046,45,32,,,35,5*4F
$GAGSV,2,2,06,03,71,067,23,13,43,312,37,5*73
$GAGSV,2,1,06,34,25,136,39,08,49,212,37,05,19,046,22,32,,,34,7*41
$GAGSV,2,2,06,03,71,067,25,13,43,312,37,7*77
$GQGSV,1,1,03,03,11,128,34,07,19,119,30,55,38,160,37,1*54
$GQGSV,1,1,02,03,11,128,40,07,19,119,30,6*69
$GQGSV,1,1,02,03,11,128,42,07,19,119,31,8*64
$GIGSV,2,1,06,09,48,225,32,05,,,36,02,13,206,18,10,16,119,35,1*4D
$GIGSV,2,2,06,07,,,35,03,,,39,1*73
$GIGSV,1,1,02,41,40,171,37,40,36,211,36,5*7F
#PPPNAVA,95,GPS,FINE,2424,33994000,0,0,18,22;SOL_COMPUTED,PPP_CONVERGING,30.00111913500,150.00134758899,2883.7265,-39.9014,WGS84,1.5583,1.2576,2.1992,"9901",4.000,0.000,45,28,28,23,5,00,07,ff*55a2d449
$GNRMC,092617.00,A,3000.08044747,N,15000.09733331,E,0.207,258.8,210626,1.2,E,D,C*4E
$GNGGA,092617.00,3000.08044747,N,15000.09733331,E,2,28,0.6,2883.7080,M,-39.9013,M,2.0,144*7D
$GNGSA,M,3,02,08,10,18,23,24,27,32,,,,,1.1,0.6,0.9,1*33
$GNGSA,M,3,78,85,,,,,,,,,,,1.1,0.6,0.9,2*33
$GNGSA,M,3,03,08,13,34,,,,,,,,,1.1,0.6,0.9,3*3E
$GNGSA,M,3,02,03,06,07,09,10,11,23,27,29,30,32,1.1,0.6,0.9,4*32
$GNGSA,M,3,41,,,,,,,,,,,,1.1,0.6,0.9,4*32
$GNGSA,M,3,03,,,,,,,,,,,,1.1,0.6,0.9,5*35
$GPGSV,2,1,08,24,31,060,34,18,25,147,41,02,16,316,32,32,52,229,34,1*6B
$GPGSV,2,2,08,10,70,344,29,27,26,251,28,08,22,288,26,23,53,071,31,1*62
$GPGSV,1,1,02,24,31,060,34,18,25,147,29,4*61
$GPGSV,2,1,07,24,31,060,35,18,25,147,32,32,52,229,20,10,70,344,27,6*63
$GPGSV,2,2,07,27,26,251,25,08,22,288,31,23,53,071,35,6*5B
$GPGSV,2,1,07,24,31,060,42,18,25,147,30,32,52,229,25,10,70,344,35,8*69
$GPGSV,2,2,07,27,26,251,31,08,22,288,37,23,53,071,39,8*5A
$GPGSV,1,1,02,18,25,147,40,23,53,071,31,9*65
$GLGSV,2,1,07,68,32,041,31,78,13,070,35,69,69,332,27,83,29,168,37,1*74
$GLGSV,2,2,07,70,33,254,19,85,39,321,40,84,73,242,30,1*4F
$GLGSV,2,1,06,78,13,070,38,69,69,332,32,83,29,168,37,70,33,254,30,3*71
$GLGSV,2,2,06,85,39,321,36,84,73,242,32,3*73
$GLGSV,1,1,04,69,69,332,34,83,29,168,37,85,39,321,34,84,73,242,28,5*70
$GBGSV,1,1,02,B*07
$GBGSV,5,1,18,67,43,175,38,66,32,134,34,02,43,175,39,03,32,134,33,1*7D
$GBGSV,5,2,18,01,,,35,27,26,179,39,07,36,124,36,06,39,073,33,1*43
$GBGSV,5,3,18,09,63,042,27,32,74,309,32,30,52,250,33,41,36,058,32,1*70
$GBGSV,5,4,18,11,42,293,38,20,22,256,22,29,25,311,32,10,28,135,35,1*7C
$GBGSV,5,5,18,25,16,076,24,23,11,123,35,1*7F
$GBGSV,3,1,11,27,26,179,37,07,36,124,35,06,39,073,32,32,74,309,31,3*7C
$GBGSV,3,2,11,30,52,250,30,41,36,058,32,11,42,293,36,20,22,256,19,3*79
$GBGSV,3,3,11,29,25,311,29,25,16,076,32,23,11,123,33,3*41
$GBGSV,3,1,11,27,26,179,39,07,36,124,39,06,39,073,37,32,74,309,37,5*7B
$GBGSV,3,2,11,30,52,250,34,41,36,058,39,11,42,293,36,20,22,256,31,5*7A
$GBGSV,3,3,11,29,25,311,26,25,16,076,38,23,11,123,37,5*46
$GBGSV,3,1,11,02,43,175,40,03,32,134,40,27,26,179,39,07,36,124,39,6*7A
$GBGSV,3,2,11,06,39,073,35,32,74,309,37,30,52,250,34,41,36,058,37,6*7F
$GBGSV,3,3,11,11,42,293,35,25,16,076,35,23,11,123,38,6*44
$GBGSV,4,1,16,02,43,175,39,03,32,134,41,01,,,36,27,26,179,39,8*40
$GBGSV,4,2,16,07,36,124,41,06,39,073,38,09,63,042,25,32,74,309,34,8*7F
$GBGSV,4,3,16,30,52,250,32,41,36,058,39,11,42,293,32,20,22,256,29,8*7D
$GBGSV,4,4,16,29,25,311,29,10,28,135,36,25,16,076,38,23,11,123,40,8*7A
$GBGSV,1,1,01,10,28,135,36,B*3D
$GAGSV,2,1,06,34,25,136,31,08,49,212,35,05,19,046,36,32,,,36,1*4A
$GAGSV,2,2,06,03,71,067,33,13,43,312,34,1*75
$GAGSV,2,1,06,34,25,136,33,08,49,212,35,05,19,046,42,32,,,36,2*48
$GAGSV,2,2,06,03,71,067,33,13,43,312,31,2*73
$GAGSV,2,1,06,34,25,136,38,08,49,212,34,05,19,046,44,32,,,35,5*40
$GAGSV,2,2,06,03,71,067,30,13,43,312,35,5*73
$GAGSV,2,1,06,34,25,136,37,08,49,212,36,05,19,046,22,32,,,30,7*4A
$GAGSV,2,2,06,03,71,067,23,13,43,312,36,7*70
$GQGSV,1,1,03,03,11,128,33,07,19,119,30,55,38,160,37,1*53
$GQGSV,1,1,02,03,11,128,37,07,19,119,31,6*68
$GQGSV,1,1,02,03,11,128,39,07,19,119,30,8*69
$GIGSV,2,1,06,09,48,225,30,05,,,35,02,13,206,17,10,16,119,31,1*47
$GIGSV,2,2,06,07,,,34,03,,,38,1*73
$GIGSV,1,1,02,41,40,171,37,40,36,211,35,5*7C
#PPPNAVA,95,GPS,FINE,2424,33995000,0,0,18,22;SOL_COMPUTED,PPP_CONVERGING,30.00134720482,150.00160130259,2883.8414,-39.9014,WGS84,1.5584,1.2578,2.1994,"9901",5.000,0.000,45,30,30,24,6,00,0f,ff*2dda93c6
$GNRMC,092618.00,A,3000.07198507,N,15000.08366319,E,0.240,267.0,210626,1.2,E,D,C*40
$GNGGA,092618.00,3000.07198507,N,15000.08366319,E,2,28,0.6,2883.7800,M,-39.9013,M,2.0,144*74
$GNGSA,M,3,02,08,10,18,23,24,27,32,,,,,1.1,0.6,1.0,1*3B
$GNGSA,M,3,68,85,,,,,,,,,,,1.1,0.6,1.0,2*3A
$GNGSA,M,3,03,08,13,34,,,,,,,,,1.1,0.6,1.0,3*36
$GNGSA,M,3,02,03,06,07,09,10,11,23,27,29,30,32,1.1,0.6,1.0,4*3A
$GNGSA,M,3,41,,,,,,,,,,,,1.1,0.6,1.0,4*3A
$GNGSA,M,3,03,,,,,,,,,,,,1.1,0.6,1.0,5*3D
$GPGSV,2,1,08,24,31,059,33,18,25,147,40,02,16,316,33,32,52,229,36,1*64
$GPGSV,2,2,08,10,70,344,28,27,26,251,27,08,22,288,26,23,53,071,33,1*6E
$GPGSV,1,1,01,24,31,059,33,4*58
$GPGSV,2,1,06,24,31,059,34,18,25,147,33,32,52,229,25,10,70,344,31,6*6A
$GPGSV,2,2,06,08,22,288,30,23,53,071,35,6*6B
$GPGSV,2,1,07,24,31,059,41,18,25,147,34,32,52,229,27,10,70,344,34,8*67
$GPGSV,2,2,07,27,26,251,27,08,22,288,36,23,53,071,39,8*5C
$GPGSV,1,1,02,18,25,147,39,23,53,071,31,9*6B
$GLGSV,2,1,07,68,32,041,28,78,13,070,31,69,69,332,27,83,29,168,34,1*7B
$GLGSV,2,2,07,70,33,254,23,85,39,321,38,84,73,242,29,1*41
$GLGSV,2,1,06,78,13,070,37,69,69,332,30,83,29,168,38,70,33,254,30,3*73
$GLGSV,2,2,06,85,39,321,34,84,73,242,32,3*71
$GLGSV,1,1,04,69,69,332,33,83,29,168,37,85,39,321,32,84,73,242,29,5*70
$GBGSV,1,1,02,B*07
$GBGSV,5,1,19,67,43,175,38,66,32,134,34,65,10,109,31,02,43,175,38,1*71
$GBGSV,5,2,19,03,32,134,35,01,,,34,27,26,179,38,07,36,124,37,1*49
$GBGSV,5,3,19,06,39,073,36,09,63,042,27,32,74,309,30,30,52,250,33,1*72
$GBGSV,5,4,19,41,36,058,35,11,42,293,36,20,22,256,24,29,25,311,34,1*72
$GBGSV,5,5,19,10,28,135,37,25,16,076,26,23,11,123,36,1*47
$GBGSV,3,1,11,27,26,179,36,07,36,124,35,06,39,073,35,32,74,309,29,3*73
$GBGSV,3,2,11,30,52,250,29,41,36,058,34,11,42,293,33,20,22,256,21,3*79
$GBGSV,3,3,11,29,25,311,32,25,16,076,30,23,11,123,34,3*4E
$GBGSV,3,1,10,27,26,179,38,07,36,124,40,06,39,073,35,32,74,309,37,5*77
$GBGSV,3,2,10,30,52,250,33,41,36,058,38,11,42,293,36,20,22,256,29,5*74
$GBGSV,3,3,10,25,16,076,37,23,11,123,38,5*7C
$GBGSV,3,1,11,02,43,175,40,03,32,134,40,27,26,179,38,07,36,124,40,6*75
$GBGSV,3,2,11,06,39,073,36,32,74,309,37,30,52,250,34,41,36,058,38,6*73
$GBGSV,3,3,11,11,42,293,34,25,16,076,36,23,11,123,37,6*49
$GBGSV,4,1,16,02,43,175,39,03,32,134,41,01,,,37,27,26,179,37,8*4F
$GBGSV,4,2,16,07,36,124,41,06,39,073,37,09,63,042,27,32,74,309,34,8*72
$GBGSV,4,3,16,30,52,250,33,41,36,058,40,11,42,293,35,20,22,256,30,8*7D
$GBGSV,4,4,16,29,25,311,30,10,28,135,34,25,16,076,35,23,11,123,40,8*7D
$GBGSV,1,1,02,09,63,042,31,10,28,135,37,B*07
$GAGSV,2,1,06,34,25,136,36,08,49,212,37,05,19,046,37,32,,,35,1*4D
$GAGSV,2,2,06,03,71,067,25,13,43,312,32,1*74
$GAGSV,2,1,06,34,25,136,36,08,49,212,36,05,19,046,41,32,,,36,2*4D
$GAGSV,2,2,06,03,71,067,26,13,43,312,31,2*77
$GAGSV,2,1,06,34,25,136,37,08,49,212,34,05,19,046,44,32,,,36,5*4C
$GAGSV,2,2,06,03,71,067,29,13,43,312,32,5*7C
$GAGSV,2,1,06,34,25,136,39,08,49,212,36,05,19,046,23,32,,,31,7*44
$GAGSV,2,2,06,03,71,067,26,13,43,312,35,7*76
$GQGSV,1,1,03,03,11,128,35,07,19,119,29,55,38,160,37,1*5D
$GQGSV,1,1,02,03,11,128,36,07,19,119,34,6*6C
$GQGSV,1,1,02,03,11,128,40,07,19,119,37,8*60
$GIGSV,2,1,06,09,48,225,34,05,,,38,02,13,206,17,10,16,119,38,1*47
$GIGSV,2,2,06,07,,,37,03,,,39,1*71
$GIGSV,1,1,02,41,40,171,37,40,36,211,35,5*7C
#PPPNAVA,95,GPS,FINE,2424,33996000,0,0,18,22;SOL_COMPUTED,PPP_CONVERGING,30.00120560797,150.00137465943,2883.7655,-39.9014,WGS84,1.5585,1.2580,2.1995,"9901",6.000,0.000,45,26,26,21,7,00,07,ff*1825d396
